spine_seq,tier,tier_name,kind,src,dst,conf,via,collapsed,evidence,source,ref_checks,note_th,note_en
1,T0,framework,framework_dispatch,com.android.internal.os.ZygoteInit.main (line:406),com.android.internal.os.RuntimeInit$MethodAndArgsCaller.run (line:9),shape,,0,"captured KOS/Kaori module-host stack, frame 19 -> frame 18",fragments/F9_kos_boot_stack.txt,PASS F9 frame 19 -> com.android.internal.os.ZygoteInit.main | PASS F9 frame 18 -> com.android.internal.os.RuntimeInit$MethodAndArgsCaller.run,เฟรม 19 -> 18 ของสแตกที่จับได้ (โครงรูป ไม่ใช่ไบต์ SNAKE),"frame %d -> %d of the captured stack (shape only, not SNAKE bytes)"
2,T0,framework,framework_dispatch,com.android.internal.os.RuntimeInit$MethodAndArgsCaller.run (line:9),java.lang.reflect.Method.invoke (line:-2),shape,,0,"captured KOS/Kaori module-host stack, frame 18 -> frame 17",fragments/F9_kos_boot_stack.txt,PASS F9 frame 18 -> com.android.internal.os.RuntimeInit$MethodAndArgsCaller.run | PASS F9 frame 17 -> java.lang.reflect.Method.invoke,เฟรม 18 -> 17 ของสแตกที่จับได้ (โครงรูป ไม่ใช่ไบต์ SNAKE),"frame %d -> %d of the captured stack (shape only, not SNAKE bytes)"
3,T0,framework,framework_dispatch,java.lang.reflect.Method.invoke (line:-2),android.app.ActivityThread.main (line:165),shape,,0,"captured KOS/Kaori module-host stack, frame 17 -> frame 16",fragments/F9_kos_boot_stack.txt,PASS F9 frame 17 -> java.lang.reflect.Method.invoke | PASS F9 frame 16 -> android.app.ActivityThread.main,เฟรม 17 -> 16 ของสแตกที่จับได้ (โครงรูป ไม่ใช่ไบต์ SNAKE),"frame %d -> %d of the captured stack (shape only, not SNAKE bytes)"
4,T0,framework,framework_dispatch,android.app.ActivityThread.main (line:165),android.os.Looper.loop (line:34),shape,,0,"captured KOS/Kaori module-host stack, frame 16 -> frame 15",fragments/F9_kos_boot_stack.txt,PASS F9 frame 16 -> android.app.ActivityThread.main | PASS F9 frame 15 -> android.os.Looper.loop,เฟรม 16 -> 15 ของสแตกที่จับได้ (โครงรูป ไม่ใช่ไบต์ SNAKE),"frame %d -> %d of the captured stack (shape only, not SNAKE bytes)"
5,T0,framework,framework_dispatch,android.os.Looper.loop (line:34),android.os.Looper.loopOnce (line:251),shape,,0,"captured KOS/Kaori module-host stack, frame 15 -> frame 14",fragments/F9_kos_boot_stack.txt,PASS F9 frame 15 -> android.os.Looper.loop | PASS F9 frame 14 -> android.os.Looper.loopOnce,เฟรม 15 -> 14 ของสแตกที่จับได้ (โครงรูป ไม่ใช่ไบต์ SNAKE),"frame %d -> %d of the captured stack (shape only, not SNAKE bytes)"
6,T0,framework,framework_dispatch,android.os.Looper.loopOnce (line:251),android.os.Handler.dispatchMessage (line:21),shape,,0,"captured KOS/Kaori module-host stack, frame 14 -> frame 13",fragments/F9_kos_boot_stack.txt,PASS F9 frame 14 -> android.os.Looper.loopOnce | PASS F9 frame 13 -> android.os.Handler.dispatchMessage,เฟรม 14 -> 13 ของสแตกที่จับได้ (โครงรูป ไม่ใช่ไบต์ SNAKE),"frame %d -> %d of the captured stack (shape only, not SNAKE bytes)"
7,T0,framework,framework_dispatch,android.os.Handler.dispatchMessage (line:21),android.app.ActivityThread$H.handleMessage (line:1340),shape,,0,"captured KOS/Kaori module-host stack, frame 13 -> frame 12",fragments/F9_kos_boot_stack.txt,PASS F9 frame 13 -> android.os.Handler.dispatchMessage | PASS F9 frame 12 -> android.app.ActivityThread$H.handleMessage,เฟรม 13 -> 12 ของสแตกที่จับได้ (โครงรูป ไม่ใช่ไบต์ SNAKE),"frame %d -> %d of the captured stack (shape only, not SNAKE bytes)"
8,T0,framework,framework_dispatch,android.app.ActivityThread$H.handleMessage (line:1340),android.app.ActivityThread.-$$Nest$mhandleBindApplication (line:0),shape,,0,"captured KOS/Kaori module-host stack, frame 12 -> frame 11",fragments/F9_kos_boot_stack.txt,PASS F9 frame 12 -> android.app.ActivityThread$H.handleMessage | PASS F9 frame 11 -> android.app.ActivityThread.-$$Nest$mhandleBindApplication,เฟรม 12 -> 11 ของสแตกที่จับได้ (โครงรูป ไม่ใช่ไบต์ SNAKE),"frame %d -> %d of the captured stack (shape only, not SNAKE bytes)"
9,T0,framework,framework_dispatch,android.app.ActivityThread.-$$Nest$mhandleBindApplication (line:0),android.app.ActivityThread.handleBindApplication (line:1090),shape,,0,"captured KOS/Kaori module-host stack, frame 11 -> frame 10",fragments/F9_kos_boot_stack.txt,PASS F9 frame 11 -> android.app.ActivityThread.-$$Nest$mhandleBindApplication | PASS F9 frame 10 -> android.app.ActivityThread.handleBindApplication,เฟรม 11 -> 10 ของสแตกที่จับได้ (โครงรูป ไม่ใช่ไบต์ SNAKE),"frame %d -> %d of the captured stack (shape only, not SNAKE bytes)"
10,T0,framework,framework_dispatch,android.app.ActivityThread.handleBindApplication (line:1090),android.app.LoadedApk.makeApplicationInner (line:1),shape,,0,"captured KOS/Kaori module-host stack, frame 10 -> frame 9",fragments/F9_kos_boot_stack.txt,PASS F9 frame 10 -> android.app.ActivityThread.handleBindApplication | PASS F9 frame 9 -> android.app.LoadedApk.makeApplicationInner,เฟรม 10 -> 9 ของสแตกที่จับได้ (โครงรูป ไม่ใช่ไบต์ SNAKE),"frame %d -> %d of the captured stack (shape only, not SNAKE bytes)"
11,T0,framework,framework_dispatch,android.app.LoadedApk.makeApplicationInner (line:1),android.app.LoadedApk.makeApplicationInner (line:190),shape,,0,"captured KOS/Kaori module-host stack, frame 9 -> frame 8",fragments/F9_kos_boot_stack.txt,PASS F9 frame 9 -> android.app.LoadedApk.makeApplicationInner | PASS F9 frame 8 -> android.app.LoadedApk.makeApplicationInner,เฟรม 9 -> 8 ของสแตกที่จับได้ (โครงรูป ไม่ใช่ไบต์ SNAKE),"frame %d -> %d of the captured stack (shape only, not SNAKE bytes)"
12,T0,framework,framework_dispatch,android.app.LoadedApk.makeApplicationInner (line:190),android.app.Instrumentation.newApplication (line:15),shape,,0,"captured KOS/Kaori module-host stack, frame 8 -> frame 7",fragments/F9_kos_boot_stack.txt,PASS F9 frame 8 -> android.app.LoadedApk.makeApplicationInner | PASS F9 frame 7 -> android.app.Instrumentation.newApplication,เฟรม 8 -> 7 ของสแตกที่จับได้ (โครงรูป ไม่ใช่ไบต์ SNAKE),"frame %d -> %d of the captured stack (shape only, not SNAKE bytes)"
13,T0,framework,framework_dispatch,android.app.Instrumentation.newApplication (line:15),com.android.internal.util.kaorios.KaoriPropsUtils.KaoriProps (line:1175),shape,,0,"captured KOS/Kaori module-host stack, frame 7 -> frame 6",fragments/F9_kos_boot_stack.txt,PASS F9 frame 7 -> android.app.Instrumentation.newApplication | PASS F9 frame 6 -> com.android.internal.util.kaorios.KaoriPropsUtils.KaoriProps,เฟรม 7 -> 6 ของสแตกที่จับได้ (โครงรูป ไม่ใช่ไบต์ SNAKE),"frame %d -> %d of the captured stack (shape only, not SNAKE bytes)"
14,T0,framework,framework_dispatch,com.android.internal.util.kaorios.KaoriPropsUtils.KaoriProps (line:1175),com.android.internal.util.kaorios.Krtr48kA09tmO323tj8Rgf62eI.Ku5O3sihzbUhwSewE8uI (line:146),shape,,0,"captured KOS/Kaori module-host stack, frame 6 -> frame 5",fragments/F9_kos_boot_stack.txt,PASS F9 frame 6 -> com.android.internal.util.kaorios.KaoriPropsUtils.KaoriProps | PASS F9 frame 5 -> com.android.internal.util.kaorios.Krtr48kA09tmO323tj8Rgf62eI.Ku5O3sihzbUhwSewE8uI,เฟรม 6 -> 5 ของสแตกที่จับได้ (โครงรูป ไม่ใช่ไบต์ SNAKE),"frame %d -> %d of the captured stack (shape only, not SNAKE bytes)"
15,T0,framework,framework_dispatch,com.android.internal.util.kaorios.Krtr48kA09tmO323tj8Rgf62eI.Ku5O3sihzbUhwSewE8uI (line:146),Vector_.constructor (line:11),shape,,0,"captured KOS/Kaori module-host stack, frame 5 -> frame 4",fragments/F9_kos_boot_stack.txt,PASS F9 frame 5 -> com.android.internal.util.kaorios.Krtr48kA09tmO323tj8Rgf62eI.Ku5O3sihzbUhwSewE8uI | PASS F9 frame 4 -> Vector_.constructor,เฟรม 5 -> 4 ของสแตกที่จับได้ (โครงรูป ไม่ใช่ไบต์ SNAKE),"frame %d -> %d of the captured stack (shape only, not SNAKE bytes)"
16,T0,framework,framework_dispatch,Vector_.constructor (line:11),c3.callback (line:106),shape,,0,"captured KOS/Kaori module-host stack, frame 4 -> frame 3",fragments/F9_kos_boot_stack.txt,PASS F9 frame 4 -> Vector_.constructor | PASS F9 frame 3 -> c3.callback,เฟรม 4 -> 3 ของสแตกที่จับได้ (โครงรูป ไม่ใช่ไบต์ SNAKE),"frame %d -> %d of the captured stack (shape only, not SNAKE bytes)"
17,T0,framework,framework_dispatch,c3.callback (line:106),e2.proceed (line:11),shape,,0,"captured KOS/Kaori module-host stack, frame 3 -> frame 2",fragments/F9_kos_boot_stack.txt,PASS F9 frame 3 -> c3.callback | PASS F9 frame 2 -> e2.proceed,เฟรม 3 -> 2 ของสแตกที่จับได้ (โครงรูป ไม่ใช่ไบต์ SNAKE),"frame %d -> %d of the captured stack (shape only, not SNAKE bytes)"
18,T0,framework,framework_dispatch,e2.proceed (line:11),e2.b (line:58),shape,,0,"captured KOS/Kaori module-host stack, frame 2 -> frame 1",fragments/F9_kos_boot_stack.txt,PASS F9 frame 2 -> e2.proceed | PASS F9 frame 1 -> e2.b,เฟรม 2 -> 1 ของสแตกที่จับได้ (โครงรูป ไม่ใช่ไบต์ SNAKE),"frame %d -> %d of the captured stack (shape only, not SNAKE bytes)"
19,T1,dex,constructs_application,android.app.Instrumentation.newApplication (line:15),com.snake.App (manifest <application>),proven,,0,F3 manifest declares android:name=com.snake.App; F9 frame 7 is the framework call that constructs it (the stitch point between the shape tier and SNAKE bytes),fragments/F3_manifest.txt,PASS fragments/F3_manifest.txt /^application\s*:\s*com\.snake\.App/ -> application    : com.snake.App | PASS F9 frame 7 -> android.app.Instrumentation.newApplication,จุดต่อระหว่างโครงรูปเฟรมเวิร์กกับไบต์จริงของ SNAKE: manifest ประกาศ android:name=com.snake.App และ Instrumentation.newApplication คือผู้ที่สร้างมัน,stitch point: the manifest names com.snake.App and newApplication is what constructs it
20,T1,dex,manifest_role,com.Entry (main activity),com.snake.App.<clinit>()V / onCreate,proven,,0,"F3: main activity = com.Entry, application = com.snake.App, 51 components declared",fragments/F3_manifest.txt,PASS fragments/F3_manifest.txt /^main activity\s*:\s*com\.Entry/ -> main activity  : com.Entry,"บทบาทจาก manifest: activity หลักคือ com.Entry, Application คือ com.snake.App, มีคอมโพเนนต์ 51 ตัว","manifest roles: main activity com.Entry, application com.snake.App, 51 components"
21,T1,dex,invokes_loader,Lcom/snake/App;-><clinit>()V,"java.lang.System.loadLibrary(""engine"")",proven,CH-01 hop 1 (E0001),0,"fill-array-data instruction at file 0x2b6c22 points to the payload at 0x2b6c38 (ident=0x0300, element_width=1, size=6); the 6 bytes at 0x2b6c40 are 656e67696e65 = 'engine'",fragments/F2_dex_natives.txt + fragments.json:dex.loader_call_sites,PASS edge CH-01 hop 1,,
22,T1,dex,invokes_loader,Lcom/snake/App;-><clinit>()V,"string literal ""engine"" built at run time",proven,CH-01 hop 2 (E0003),0,"fill-array-data instruction at file 0x2b6c22 points to the payload at 0x2b6c38 (ident=0x0300, element_width=1, size=6); the 6 bytes at 0x2b6c40 are 656e67696e65 = 'engine'",fragments.json:dex.loader_call_sites,PASS edge CH-01 hop 2,,
23,T1,dex,loads_library,"System.loadLibrary(""engine"")",lib/arm64-v8a/libengine.so,proven,CH-01 hop 3 (E0002),0,"APK member lib/arm64-v8a/libengine.so == repo copy binaries/libengine.so (sha256 f5d751e6bde8f059..., 8,544,568 bytes, match=True)",fragments/F1_apk_inventory.txt,PASS edge CH-01 hop 3,,
24,T1,dex,loader_init_call,.init_array[0],"_INIT_0 (.text, prologue e80f19fcfd7b01a9...)",proven,CH-01 hop 4 (E0040),0,"slot 0x825c78 -> 0x11ab10 in .text, value_from=reloc",fragments.json:libengine.init_array,PASS edge CH-01 hop 4,,
25,T1,dex,calls_entry_point,linker (dlopen of libengine.so),JNI_OnLoad,proven,CH-01 hop 5 (E0084),0,"F4: exports 17 defined dynamic symbols, 0 of them Java_*; JNI_OnLoad @0xf3fa0. Ghidra independently places it at 0x1f3fa0 = 0xf3fa0 + 0x100000",fragments/F4_libengine_jni.txt,PASS edge CH-01 hop 5,,
26,T1,dex,collapsed_range,.init_array[0],"_INIT_43 (.text, prologue 3f2303d5ffc301d1...)",proven,CH-02 hops 1-44,44,"CH-02: 44 proven hops, dynamic loader -> 44 staged constructors .. L2 -> L3 (imported verbatim in CALL_LINKAGE.md)",call_linkage.json,PASS chain CH-02 has 44 hops (expected 44),ตัวโหลด ELF ไล่ .init_array ทั้ง 44 สล็อต — ย่อเป็นฮอปเดียว (รายละเอียดครบใน CALL_LINKAGE.md CH-02),the ELF loader walks all 44 .init_array slots — collapsed to one hop (full detail in CALL_LINKAGE.md CH-02)
27,T2,native,calls_plt,JNI_OnLoad,sysconf,strong,CH-03 hop 1 (E0086),0,`0xf3fd8: bl        #0x81f110`; arguments staged before the call: -,fragments/F4c_libengine_JNI_OnLoad.asm:16,PASS edge CH-03 hop 1,,
28,T2,native,calls_syscall,JNI_OnLoad,mmap,proven,CH-03 hop 2 (E0087),0,"`0xf4018: svc       #0` with w8 = #0xde = 222 = mmap; arguments visible in this window: prot=0x7 (R|W|X), flags=0x22 (MAP_PRIVATE|MAP_ANONYMOUS), fd=0xffffffffffffffff",fragments/F4c_libengine_JNI_OnLoad.asm:32,PASS edge CH-03 hop 2,,
29,T2,native,computes_branch,JNI_OnLoad,"dispatch table at 0x125d4 (adrp 0x12000 + 0x5d4), 4 relative offsets",strong,CH-03 hop 3 (E0088),0,"0xf4048 `adr x10, #0xf4048`; 0xf404c `ldrsw x11, [x26, x9, lsl #2]`; 0xf4050 `add x10, x10, x11`; 0xf4054 `br x10` - the four table words at 0x125d4..0x125e0 are file bytes this bundle does not contain, so the four targets stay open (recipe: read 4 little-endian int32 at libengine.so+0x125d4)",fragments/F4c_libengine_JNI_OnLoad.asm:47,PASS edge CH-03 hop 3,,
30,T2,native,calls_plt,JNI_OnLoad,rand,strong,CH-03 hop 4 (E0089),0,`0xf406c: bl        #0x81f120`; arguments staged before the call: -,fragments/F4c_libengine_JNI_OnLoad.asm:53,PASS edge CH-03 hop 4,,
31,T2,native,writes_generated_code,JNI_OnLoad,"RWX page from the mmap at 0xf4018 (x21 = page, x27 = word index)",proven,CH-03 hop 5 (E0090),0,"0xf4040 `mov w28, #0x14000000`; 0xf4044 `mov w19, #0x3ffffff`; 0xf4070 `and w8, w0, w19`; 0xf4074 `orr w8, w8, w28`; 0xf4078 `str w8, [x21, x27, lsl #2]` - a `B <imm26>` is written word by word into the page mmap returned",fragments/F4c_libengine_JNI_OnLoad.asm:56,PASS edge CH-03 hop 5,,
32,T2,native,writes_generated_code,JNI_OnLoad,previous RWX page (x8 = pages[n-1]); the branch is aimed at x21 = pages[n],proven,CH-03 hop 6 (E0091),0,"0xf4090 `mov w10, #0x14000000`; 0xf4094 `ldr x8, [x25, w8, uxtw #3]` (previous page); 0xf4098 `sub w9, w21, w8`; 0xf409c `bfxil w10, w9, #2, #0x1a`; 0xf40a0 `str w10, [x8]` - page n-1 is patched with `B (page_n - page_{n-1}) >> 2`, chaining the pages",fragments/F4c_libengine_JNI_OnLoad.asm:66,PASS edge CH-03 hop 6,,
33,T2,native,calls_plt,JNI_OnLoad,FUN_0091ad58,strong,CH-03 hop 7 (E0092),0,`0xf40ac: bl        #0x81ad58`; arguments staged before the call: -,fragments/F4c_libengine_JNI_OnLoad.asm:69,PASS edge CH-03 hop 7,,
34,T2,native,jumps_into_generated,JNI_OnLoad,generated code in the first RWX page (the mmap result stored at sp+0x10),proven,CH-03 hop 8 (E0093),0,"0xf3ff4 `add x25, sp, #0x10`; 0xf4018 `svc #0` (mmap, prot=RWX); 0xf4020 `str x0, [x25, x22, lsl #3]`; 0xf40c4 `ldr x8, [sp, #0x10]`; 0xf40e0 `blr x8` - control leaves the static image",fragments/F4c_libengine_JNI_OnLoad.asm:82,PASS edge CH-03 hop 8,,
35,T2,native,calls_syscall,JNI_OnLoad,mmap,proven,CH-03 hop 9 (E0095),0,"`0xf411c: svc       #0` with w8 = #0xde = 222 = mmap; arguments visible in this window: prot=0x7 (R|W|X), flags=0x22 (MAP_PRIVATE|MAP_ANONYMOUS), fd=0xffffffffffffffff",fragments/F4c_libengine_JNI_OnLoad.asm:97,PASS edge CH-03 hop 9,,
36,T2,native,jumps_into_generated,JNI_OnLoad,generated table in the second RWX page (x8 = mmap result of 0xf411c),proven,CH-03 hop 10 (E0096),0,"0xf411c `svc #0` (mmap, prot=RWX); 0xf4120 `mov x8, x0`; 0xf4190 `ldr x9, [x9, #0x48]` / 0xf41a0 `ldr x10, [x10, #0x50]` (.bss shift counts); 0xf41f8 `str x9, [x8, #0x550]` ... 0xf43c8 `str x9, [x8, #0x5e8]`; 0xf43f0 `mov x6, x8`; 0xf43f4 `blr x8`; 0xf43f8 `cbz x0, #0xf4430`",fragments/F4c_libengine_JNI_OnLoad.asm:279,PASS edge CH-03 hop 10,,
37,T2,native,calls_syscall,JNI_OnLoad,fchmodat,proven,CH-03 hop 11 (E0097),0,"0xf4418 `str x26, [sp, #0x10]`; 0xf441c `ldr x8, [sp, #0x10]`; 0xf4420 `ldr x0, [x8]`; 0xf4424 `mov x8, #0x35`; 0xf4428 `svc #0` - the syscall number is proven (53 = fchmodat) but only x0 is staged, and it is a word read back out of the generated page, so the arguments are NOT recoverable from the image",fragments/F4c_libengine_JNI_OnLoad.asm:292,PASS edge CH-03 hop 11,,
38,T2,native,calls_plt,JNI_OnLoad,strlen,strong,CH-03 hop 12 (E0099),0,`0xf446c: bl        #0x81f0e0`; arguments staged before the call: -,fragments/F4c_libengine_JNI_OnLoad.asm:309,PASS edge CH-03 hop 12,,
39,T2,native,calls_plt,registration site 0xf3a08 (nMethods=10),FUN_0091ad58,strong,CH-04 hop 1 (E0122),0,`0xf3944: bl        #0x81ad58`; arguments staged before the call: -,fragments/F4d_libengine_regnatives_windows.asm:8,PASS edge CH-04 hop 1,,
40,T2,native,calls_syscall_stub,registration site 0xf3a08 (nMethods=10),syscall 222 (mmap) via function pointer in x19,strong,CH-04 hop 2 (E0123),0,"`0xf3968: blr       x19` with `mov w6, #0xde` = 222 = mmap staged before it; arguments visible in this window: length=0x18, prot=0x7 (R|W|X), flags=0x22 (MAP_PRIVATE|MAP_ANONYMOUS), fd=0xffffffffffffffff",fragments/F4d_libengine_regnatives_windows.asm:17,PASS edge CH-04 hop 2,,
41,T2,native,calls_direct,registration site 0xf3a08 (nMethods=10),sub_7778a8,probable,CH-04 hop 3 (E0124),0,`0xf3988: bl        #0x7778a8`; arguments staged before the call: -,fragments/F4d_libengine_regnatives_windows.asm:25,PASS edge CH-04 hop 3,,
42,T2,native,calls_direct,registration site 0xf3a08 (nMethods=10),sub_81f140,probable,CH-04 hop 4 (E0125),0,`0xf3994: bl        #0x81f140`; arguments staged before the call: -,fragments/F4d_libengine_regnatives_windows.asm:28,PASS edge CH-04 hop 4,,
43,T2,native,calls_vtable0,registration site 0xf3a08 (nMethods=10),*x21 (first word of the object returned earlier),probable,CH-04 hop 5 (E0126),0,"`0xf39c4: blr       x8` after `ldr x8, [x21]`; arguments staged: -",fragments/F4d_libengine_regnatives_windows.asm:40,PASS edge CH-04 hop 5,,
44,T2,native,finds_class,registration site 0xf3a08 (nMethods=10),JNIEnv->FindClass (slot 6),proven,CH-04 hop 6 (E0127),0,"0xf39d8 `ldr x8, [x24]`; 0xf39dc `mov x0, x24`; 0xf39e0 `mov x1, x20`; 0xf39e4 `ldr x8, [x8, #0x30]`; 0xf39e8 `blr x8` - FindClass(env, x20) where x20 is the buffer the 23-iteration decode loop at 0xf39b8-0xf39d4 just filled, so the class name is 23 characters: 'com/snake/helper/Native'",fragments/F4d_libengine_regnatives_windows.asm:49,PASS edge CH-04 hop 6,,
45,T2,native,registers_natives,registration site 0xf3a08 (nMethods=10),JNIEnv->RegisterNatives (slot 215),proven,CH-04 hop 7 (E0128),0,"`0xf3a0c: blr       x8` reached through `blr` of the value loaded by `ldr x8, [x8, #0x6b8]`; the table pointer itself came from `ldr x8, [x21]`",fragments/F4d_libengine_regnatives_windows.asm:58,PASS edge CH-04 hop 7,,
46,T2,native,calls_syscall,registration site 0xb40a8 (nMethods=2),fchmodat,proven,CH-05 hop 1 (E0112),0,"0xb3fd4 `stur x8, [x29, #-0x40]`; 0xb3fd8 `ldur x8, [x29, #-0x40]`; 0xb3fdc `ldr x0, [x8]`; 0xb3fe0 `mov x8, #0x35`; 0xb3fe4 `svc #0` - syscall 53 (fchmodat) with only x0 staged, the value having been round-tripped through the stack from an obfuscated immediate (0xb3fc8-0xb3fd0 build 0x33804ef2)",fragments/F4d_libengine_regnatives_windows.asm:8,PASS edge CH-05 hop 1,,
47,T2,native,calls_plt,registration site 0xb40a8 (nMethods=2),FUN_0091ad58,strong,CH-05 hop 2 (E0113),0,`0xb4018: bl        #0x81ad58`; arguments staged before the call: -,fragments/F4d_libengine_regnatives_windows.asm:21,PASS edge CH-05 hop 2,,
48,T2,native,calls_syscall_stub,registration site 0xb40a8 (nMethods=2),syscall 222 (mmap) via function pointer in x19,strong,CH-05 hop 3 (E0114),0,"`0xb403c: blr       x19` with `mov w6, #0xde` = 222 = mmap staged before it; arguments visible in this window: length=0x4, prot=0x7 (R|W|X), flags=0x22 (MAP_PRIVATE|MAP_ANONYMOUS), fd=0xffffffffffffffff",fragments/F4d_libengine_regnatives_windows.asm:30,PASS edge CH-05 hop 3,,
49,T2,native,calls_direct,registration site 0xb40a8 (nMethods=2),sub_777fb0,probable,CH-05 hop 4 (E0115),0,`0xb4050: bl        #0x777fb0`; arguments staged before the call: -,fragments/F4d_libengine_regnatives_windows.asm:35,PASS edge CH-05 hop 4,,
50,T2,native,calls_direct,registration site 0xb40a8 (nMethods=2),sub_81f140,probable,CH-05 hop 5 (E0116),0,`0xb405c: bl        #0x81f140`; arguments staged before the call: -,fragments/F4d_libengine_regnatives_windows.asm:38,PASS edge CH-05 hop 5,,
51,T2,native,calls_vtable0,registration site 0xb40a8 (nMethods=2),*x22 (first word of the object returned earlier),probable,CH-05 hop 6 (E0117),0,"`0xb407c: blr       x8` after `ldr x8, [x22]`; arguments staged: -",fragments/F4d_libengine_regnatives_windows.asm:46,PASS edge CH-05 hop 6,,
52,T2,native,stages_fnptr,registration site 0xb40a8,.mytext 0x81eeb0 (exec=True) - the only fnPtr of the 13 that survives static analysis,proven,CH-05 hop 7 (E0120),0,"0xb409c: x2, sp, #0x20 — the JNINativeMethod[] is assembled on the stack, so name/sig/fnPtr are runtime values; the stores into that frame below are what can still be recovered statically; the value written is 0x81eeb0, which lies inside .mytext (0x81eeac + 244 bytes, exec=True, write=False)",fragments.json:libengine.register_natives_sites,PASS edge CH-05 hop 7,,
53,T2,native,registers_natives,registration site 0xb40a8 (nMethods=2),JNIEnv->RegisterNatives (slot 215),proven,CH-05 hop 8 (E0118),0,"`0xb40b4: blr       x8` reached through `blr` of the value loaded by `ldr x8, [x8, #0x6b8]`; the table pointer itself came from `ldr x8, [x22]`",fragments/F4d_libengine_regnatives_windows.asm:60,PASS edge CH-05 hop 8,,
54,T2,native,calls_syscall_stub,registration site 0xb0140 (nMethods=1),syscall 222 (mmap) via function pointer in x20,strong,CH-07 hop 1 (E0104),0,"`0xb0068: blr       x20` with `mov w6, #0xde` = 222 = mmap staged before it; arguments visible in this window: none staged inside this window",fragments/F4d_libengine_regnatives_windows.asm:3,PASS edge CH-07 hop 1,,
55,T2,native,calls_direct,registration site 0xb0140 (nMethods=1),sub_7775d8,probable,CH-07 hop 2 (E0105),0,`0xb0088: bl        #0x7775d8`; arguments staged before the call: -,fragments/F4d_libengine_regnatives_windows.asm:11,PASS edge CH-07 hop 2,,
56,T2,native,calls_direct,registration site 0xb0140 (nMethods=1),sub_81f140,probable,CH-07 hop 3 (E0106),0,`0xb0094: bl        #0x81f140`; arguments staged before the call: -,fragments/F4d_libengine_regnatives_windows.asm:14,PASS edge CH-07 hop 3,,
57,T2,native,calls_vtable0,registration site 0xb0140 (nMethods=1),*x25 (first word of the object returned earlier),probable,CH-07 hop 4 (E0107),0,"`0xb00c4: blr       x8` after `ldr x8, [x25]`; arguments staged: -",fragments/F4d_libengine_regnatives_windows.asm:26,PASS edge CH-07 hop 4,,
58,T2,native,calls_direct,registration site 0xb0140 (nMethods=1),sub_81f250,probable,CH-07 hop 5 (E0108),0,"0xb00d8 `ldr x0, [sp, #0x30]`; 0xb00dc `mov x1, x24`; 0xb00e0 `mov w2, #8`; 0xb00e4 `bl #0x81f250`; 0xb00e8 `cbnz w0, #0xb0120` - a (ptr, ptr, 8) -> int call whose result is tested, i.e. memcmp-shaped: the 8 decoded bytes are compared before the registration proceeds",fragments/F4d_libengine_regnatives_windows.asm:34,PASS edge CH-07 hop 5,,
59,T2,native,registers_natives,registration site 0xb0140 (nMethods=1),JNIEnv->RegisterNatives (slot 215),proven,CH-07 hop 6 (E0109),0,"`0xb0144: blr       x8` reached through `blr` of the value loaded by `ldr x8, [x8, #0x6b8]`; the table pointer itself came from `ldr x8, [x25]`",fragments/F4d_libengine_regnatives_windows.asm:58,PASS edge CH-07 hop 6,,
60,T2,native,calls_jni_slot,registration site 0xb0140 (nMethods=1),JNIEnv->ExceptionClear (slot 17),proven,CH-07 hop 7 (E0110),0,"0xb0180 `ldr x8, [x19]`; 0xb0184 `ldr x8, [x8, #0x88]`; 0xb0188 `mov x0, x19`; 0xb018c `blr x8` - slot 17 = ExceptionClear(env), reached on the failure path `tbnz w0, #0x1f, #0xb0190` after RegisterNatives returned < 0",fragments/F4d_libengine_regnatives_windows.asm:76,PASS edge CH-07 hop 7,,
61,T2,native,stages_fnptr,registration site 0xb40a8,.mytext 0x81eeb0 (exec=True) - the only fnPtr of the 13 that survives static analysis,proven,CH-06 hop 1 (E0120),0,"0xb409c: x2, sp, #0x20 — the JNINativeMethod[] is assembled on the stack, so name/sig/fnPtr are runtime values; the stores into that frame below are what can still be recovered statically; the value written is 0x81eeb0, which lies inside .mytext (0x81eeac + 244 bytes, exec=True, write=False)",fragments.json:libengine.register_natives_sites,PASS edge CH-06 hop 1,,
62,T2,native,calls_entry_point,ART (a Java caller of Lcom/snake/helper/Native;->update),.mytext fnPtr 0x81eeb0 (decodes as 'ret'; the body starts at 0x81eeb4),strong,CH-06 hop 2 (E0131),0,"F4: site @0xb40a8 entry[1].fnPtr = 0x81eeb0 in .mytext; the instruction at 0x81eeb0 decodes as `ret` and 0x81eeb4 opens a real prologue (`stp x29, x30, [sp, #-0x20]!`), so the pointer as published returns immediately - see the gap list",fragments/F4b_libengine_mytext.asm,PASS edge CH-06 hop 2,,
63,T2,native,calls_jni_slot,.mytext registered handler (0x81eeb4),JNIEnv->FromReflectedMethod (slot 7),proven,CH-06 hop 3 (E0101),0,"`0x81eed4: blr       x8` reached through `blr` of the value loaded by `ldr x8, [x8, #0x38]`; the table pointer itself came from `ldr x8, [x0]`",fragments/F4b_libengine_mytext.asm:18,PASS edge CH-06 hop 3,,
64,T2,native,calls_direct,.mytext registered handler (0x81eeb4),sub_b01c4,probable,CH-06 hop 4 (E0102),0,"0x81eed8 `mov x2, x0` (x0 = FromReflectedMethod result); 0x81eedc `mov x0, x20` (x20 = the JNIEnv* saved at 0x81eecc); 0x81eee0 `mov x1, x19` (x19 = incoming x2, saved at 0x81eec8); 0x81eee4 `bl #0xb01c4` - env, the original second argument and the reflected java.lang.reflect.Method are forwarded into .text",fragments/F4b_libengine_mytext.asm:22,PASS edge CH-06 hop 4,,
65,T1,dex,invokes_native_class,Landroidx/appcompat/view/menu/b8;->callActivityOnResume(Landroid/app/Activity;)V,Lcom/snake/helper/Native;,proven,CH-08 hop 1 (E0020),0,"F2 lists this invoke offset under 'Lcom/snake/helper/Native;: N distinct caller method(s)'; the class names are obfuscated into androidx.appcompat.view.menu.*, so the offset is the reliable half of the evidence",fragments/F2_dex_natives.txt,PASS edge CH-08 hop 1,,
66,T1,dex,invokes_native_class,Landroidx/appcompat/view/menu/vx;->b(Ljava/lang/String;JZ)V,Lcom/snake/helper/Native;,proven,CH-08 hop 2 (E0024),0,"F2 lists this invoke offset under 'Lcom/snake/helper/Native;: N distinct caller method(s)'; the class names are obfuscated into androidx.appcompat.view.menu.*, so the offset is the reliable half of the evidence",fragments/F2_dex_natives.txt,PASS edge CH-08 hop 2,,
67,T1,dex,invokes_native_class,Landroidx/appcompat/view/menu/vx;->c(JILjava/lang/String;Ljava/lang/String;Ljava/lang/String;Z)V,Lcom/snake/helper/Native;,proven,CH-08 hop 3 (E0025),0,"F2 lists this invoke offset under 'Lcom/snake/helper/Native;: N distinct caller method(s)'; the class names are obfuscated into androidx.appcompat.view.menu.*, so the offset is the reliable half of the evidence",fragments/F2_dex_natives.txt,PASS edge CH-08 hop 3,,
68,T1,dex,invokes_native_class,Landroidx/appcompat/view/menu/vx;->c(JILjava/lang/String;Ljava/lang/String;Ljava/lang/String;Z)V,Lcom/snake/helper/Native;,proven,CH-08 hop 4 (E0026),0,"F2 lists this invoke offset under 'Lcom/snake/helper/Native;: N distinct caller method(s)'; the class names are obfuscated into androidx.appcompat.view.menu.*, so the offset is the reliable half of the evidence",fragments/F2_dex_natives.txt,PASS edge CH-08 hop 4,,
69,T1,dex,invokes_native_class,Landroidx/appcompat/view/menu/vx;->c(JILjava/lang/String;Ljava/lang/String;Ljava/lang/String;Z)V,Lcom/snake/helper/Native;,proven,CH-08 hop 5 (E0027),0,"F2 lists this invoke offset under 'Lcom/snake/helper/Native;: N distinct caller method(s)'; the class names are obfuscated into androidx.appcompat.view.menu.*, so the offset is the reliable half of the evidence",fragments/F2_dex_natives.txt,PASS edge CH-08 hop 5,,
70,T1,dex,invokes_native_class,Landroidx/appcompat/view/menu/vx;->c(JILjava/lang/String;Ljava/lang/String;Ljava/lang/String;Z)V,Lcom/snake/helper/Native;,proven,CH-08 hop 6 (E0028),0,"F2 lists this invoke offset under 'Lcom/snake/helper/Native;: N distinct caller method(s)'; the class names are obfuscated into androidx.appcompat.view.menu.*, so the offset is the reliable half of the evidence",fragments/F2_dex_natives.txt,PASS edge CH-08 hop 6,,
71,T1,dex,invokes_native_class,Landroidx/appcompat/view/menu/vx;->f(Landroid/app/Activity;Ljava/lang/String;IJZ)V,Lcom/snake/helper/Native;,proven,CH-08 hop 7 (E0029),0,"F2 lists this invoke offset under 'Lcom/snake/helper/Native;: N distinct caller method(s)'; the class names are obfuscated into androidx.appcompat.view.menu.*, so the offset is the reliable half of the evidence",fragments/F2_dex_natives.txt,PASS edge CH-08 hop 7,,
72,T1,dex,invokes_native_class,Landroidx/appcompat/view/menu/vx;->f(Landroid/app/Activity;Ljava/lang/String;IJZ)V,Lcom/snake/helper/Native;,proven,CH-08 hop 8 (E0030),0,"F2 lists this invoke offset under 'Lcom/snake/helper/Native;: N distinct caller method(s)'; the class names are obfuscated into androidx.appcompat.view.menu.*, so the offset is the reliable half of the evidence",fragments/F2_dex_natives.txt,PASS edge CH-08 hop 8,,
73,T1,dex,invokes_native_class,Landroidx/appcompat/view/menu/z10;->a(Ljava/lang/String;)V,Lcom/snake/helper/Native;,proven,CH-08 hop 9 (E0033),0,"F2 lists this invoke offset under 'Lcom/snake/helper/Native;: N distinct caller method(s)'; the class names are obfuscated into androidx.appcompat.view.menu.*, so the offset is the reliable half of the evidence",fragments/F2_dex_natives.txt,PASS edge CH-08 hop 9,,
74,T1,dex,invokes_native_class,Landroidx/appcompat/view/menu/z10;->b(Ljava/lang/String;Ljava/lang/String;)V,Lcom/snake/helper/Native;,proven,CH-08 hop 10 (E0034),0,"F2 lists this invoke offset under 'Lcom/snake/helper/Native;: N distinct caller method(s)'; the class names are obfuscated into androidx.appcompat.view.menu.*, so the offset is the reliable half of the evidence",fragments/F2_dex_natives.txt,PASS edge CH-08 hop 10,,
75,T1,dex,invokes_native_class,Landroidx/appcompat/view/menu/z10;->c(Landroid/content/Context;)V,Lcom/snake/helper/Native;,proven,CH-08 hop 11 (E0035),0,"F2 lists this invoke offset under 'Lcom/snake/helper/Native;: N distinct caller method(s)'; the class names are obfuscated into androidx.appcompat.view.menu.*, so the offset is the reliable half of the evidence",fragments/F2_dex_natives.txt,PASS edge CH-08 hop 11,,
76,T1,dex,invokes_native_class,Landroidx/appcompat/view/menu/p60;->uncaughtException(Ljava/lang/Thread;Ljava/lang/Throwable;)V,Lcom/snake/helper/Native;,proven,CH-08 hop 12 (E0023),0,"F2 lists this invoke offset under 'Lcom/snake/helper/Native;: N distinct caller method(s)'; the class names are obfuscated into androidx.appcompat.view.menu.*, so the offset is the reliable half of the evidence",fragments/F2_dex_natives.txt,PASS edge CH-08 hop 12,,
77,T1,dex,invokes_native_class,Landroidx/appcompat/view/menu/ne0;->run()V,Lcom/snake/helper/Native;,proven,CH-08 hop 13 (E0022),0,"F2 lists this invoke offset under 'Lcom/snake/helper/Native;: N distinct caller method(s)'; the class names are obfuscated into androidx.appcompat.view.menu.*, so the offset is the reliable half of the evidence",fragments/F2_dex_natives.txt,PASS edge CH-08 hop 13,,
78,T1,dex,invokes_native_class,Landroidx/appcompat/view/menu/jv0;->O2(Ljava/lang/String;Ljava/lang/String;)V,Lcom/snake/helper/Native;,proven,CH-08 hop 14 (E0021),0,"F2 lists this invoke offset under 'Lcom/snake/helper/Native;: N distinct caller method(s)'; the class names are obfuscated into androidx.appcompat.view.menu.*, so the offset is the reliable half of the evidence",fragments/F2_dex_natives.txt,PASS edge CH-08 hop 14,,
79,T1,dex,invokes_native_class,Landroidx/appcompat/view/menu/yu0;->f(Landroid/content/Context;Landroidx/appcompat/view/menu/wb;)V,Lcom/snake/helper/Native;,proven,CH-08 hop 15 (E0031),0,"F2 lists this invoke offset under 'Lcom/snake/helper/Native;: N distinct caller method(s)'; the class names are obfuscated into androidx.appcompat.view.menu.*, so the offset is the reliable half of the evidence",fragments/F2_dex_natives.txt,PASS edge CH-08 hop 15,,
80,T1,dex,invokes_native_class,Landroidx/appcompat/view/menu/yu0;->f(Landroid/content/Context;Landroidx/appcompat/view/menu/wb;)V,Lcom/snake/helper/Native;,proven,CH-08 hop 16 (E0032),0,"F2 lists this invoke offset under 'Lcom/snake/helper/Native;: N distinct caller method(s)'; the class names are obfuscated into androidx.appcompat.view.menu.*, so the offset is the reliable half of the evidence",fragments/F2_dex_natives.txt,PASS edge CH-08 hop 16,,
81,T1,dex,invokes_native_class,Lcom/Entry;->C(Landroidx/appcompat/view/menu/id0;Landroidx/appcompat/view/menu/kd0$d;)V,Lcom/snake/helper/Native;,proven,CH-08 hop 17 (E0036),0,"F2 lists this invoke offset under 'Lcom/snake/helper/Native;: N distinct caller method(s)'; the class names are obfuscated into androidx.appcompat.view.menu.*, so the offset is the reliable half of the evidence",fragments/F2_dex_natives.txt,PASS edge CH-08 hop 17,,
82,T1,dex,invokes_native_class,Lcom/snake/helper/Native;->a(Landroid/app/Activity;Ljava/lang/String;IJZ)V,Lcom/snake/helper/Native;,proven,CH-08 hop 18 (E0037),0,"F2 lists this invoke offset under 'Lcom/snake/helper/Native;: N distinct caller method(s)'; the class names are obfuscated into androidx.appcompat.view.menu.*, so the offset is the reliable half of the evidence",fragments/F2_dex_natives.txt,PASS edge CH-08 hop 18,,
83,T1,dex,invokes_native_class,Lcom/snake/helper/Native;->logIn(Ljava/lang/String;J)V,Lcom/snake/helper/Native;,proven,CH-08 hop 19 (E0038),0,"F2 lists this invoke offset under 'Lcom/snake/helper/Native;: N distinct caller method(s)'; the class names are obfuscated into androidx.appcompat.view.menu.*, so the offset is the reliable half of the evidence",fragments/F2_dex_natives.txt,PASS edge CH-08 hop 19,,
84,T1,dex,invokes_native_class,Lio/flutter/view/TextureRegistry$SurfaceTextureEntry;->setOnTrimMemoryListener(Lio/flutter/view/TextureRegistry$b;)V,Lcom/snake/helper/Native;,proven,CH-08 hop 20 (E0039),0,"F2 lists this invoke offset under 'Lcom/snake/helper/Native;: N distinct caller method(s)'; the class names are obfuscated into androidx.appcompat.view.menu.*, so the offset is the reliable half of the evidence",fragments/F2_dex_natives.txt,PASS edge CH-08 hop 20,,
85,T3,jni/flutter,invokes_loader,Lio/flutter/embedding/engine/FlutterJNI;->loadLibrary()V,"java.lang.System.loadLibrary(""flutter"")",proven,CH-09 hop 1 (E0004),0,"const-string ""flutter"" at file 0x2bafd6 in Lio/flutter/embedding/engine/FlutterJNI;->loadLibrary()V",fragments/F2_dex_natives.txt + fragments.json:dex.loader_call_sites,PASS edge CH-09 hop 1,,
86,T3,jni/flutter,loads_library,"System.loadLibrary(""flutter"")",lib/arm64-v8a/libflutter.so,proven,CH-09 hop 2 (E0005),0,"APK member lib/arm64-v8a/libflutter.so == repo copy flutter_libs/libflutter.so (sha256 0baa710d6b7f7de2..., 10,714,752 bytes, match=True)",fragments/F1_apk_inventory.txt,PASS edge CH-09 hop 2,,
87,T3,jni/flutter,calls_entry_point,linker (dlopen of libflutter.so),JNI_OnLoad,proven,CH-09 hop 3 (E0085),0,"F6: exports 46 defined dynamic symbols, 0 Java_*, JNI_OnLoad present - so the engine binds FlutterJNI's 41 natives with RegisterNatives at load time, the same mechanism libengine.so uses for the 13 custom natives",fragments/F6_libflutter_version.txt,PASS edge CH-09 hop 3,,
88,T3,jni/flutter,dart_instantiates_closure,object pool slot pp+0x3910,MethodCall handler _pfc (_dX) @ 0x504300,proven,CH-10 hop 1 (E0946),0,"output/blutter/asm/Ieg.dart:379 `[closure] Future<dynamic> _pfc(dynamic, MethodCall) {`; IDA name `Ieg__dX::_pfc_504300`; pool slot 0x3910",output/blutter/asm/Ieg.dart,PASS edge CH-10 hop 1,,
89,T3,jni/flutter,dart_instantiates_closure,object pool slot pp+0x2cd8,MethodCall handler _cec (_hX) @ 0x50e170,proven,CH-10 hop 2 (E0947),0,"output/blutter/asm/Ieg.dart:468 `[closure] Future<bool> _cec(dynamic, MethodCall) {`; IDA name `Ieg__hX::_cec_50e170`; pool slot 0x2cd8",output/blutter/asm/Ieg.dart,PASS edge CH-10 hop 2,,
90,T3,jni/flutter,dart_instantiates_closure,object pool slot pp+0x2ce8,MethodCall handler _eec (_hX) @ 0x50dad8,proven,CH-10 hop 3 (E0948),0,"output/blutter/asm/Ieg.dart:471 `[closure] Future<dynamic> _eec(dynamic, MethodCall) {`; IDA name `Ieg__hX::_eec_50dad8`; pool slot 0x2ce8",output/blutter/asm/Ieg.dart,PASS edge CH-10 hop 3,,
91,T3,jni/flutter,binds_engine_symbol,PlatformConfigurationNativeApi::EndWarmUpFrame,PlatformConfigurationNativeApi::EndWarmUpFrame,proven,CH-10 hop 4 (E0956),0,libapp.so+0x1bbb9 <-> libflutter.so+0x1cdd4c; 11 of the 11 names the snapshot uses exist in the shipped engine,fragments/F6_libflutter_version.txt,PASS edge CH-10 hop 4,,
92,T3,jni/flutter,binds_engine_symbol,PlatformConfigurationNativeApi::SetNeedsReportTimings,PlatformConfigurationNativeApi::SetNeedsReportTimings,proven,CH-10 hop 5 (E0964),0,libapp.so+0x1c083 <-> libflutter.so+0x1baec8; 11 of the 11 names the snapshot uses exist in the shipped engine,fragments/F6_libflutter_version.txt,PASS edge CH-10 hop 5,,
93,T3,jni/flutter,binds_engine_symbol,PlatformConfigurationNativeApi::ScheduleFrame,PlatformConfigurationNativeApi::ScheduleFrame,proven,CH-10 hop 6 (E0961),0,libapp.so+0x1d0d7 <-> libflutter.so+0x1cde34; 11 of the 11 names the snapshot uses exist in the shipped engine,fragments/F6_libflutter_version.txt,PASS edge CH-10 hop 6,,
94,T3,jni/flutter,binds_engine_symbol,PlatformConfigurationNativeApi::SendChannelUpdate,PlatformConfigurationNativeApi::SendChannelUpdate,proven,CH-10 hop 7 (E0962),0,libapp.so+0x23e4d <-> libflutter.so+0x1cbeff; 11 of the 11 names the snapshot uses exist in the shipped engine,fragments/F6_libflutter_version.txt,PASS edge CH-10 hop 7,,
95,T3,jni/flutter,binds_engine_symbol,PlatformConfigurationNativeApi::RequestDartPerformanceMode,PlatformConfigurationNativeApi::RequestDartPerformanceMode,proven,CH-10 hop 8 (E0959),0,libapp.so+0x2cc51 <-> libflutter.so+0x1d0278; 11 of the 11 names the snapshot uses exist in the shipped engine,fragments/F6_libflutter_version.txt,PASS edge CH-10 hop 8,,
96,T3,jni/flutter,binds_engine_symbol,PlatformConfigurationNativeApi::RespondToPlatformMessage,PlatformConfigurationNativeApi::RespondToPlatformMessage,proven,CH-10 hop 9 (E0960),0,libapp.so+0x3291a <-> libflutter.so+0x1cf6ea; 11 of the 11 names the snapshot uses exist in the shipped engine,fragments/F6_libflutter_version.txt,PASS edge CH-10 hop 9,,
97,T3,jni/flutter,binds_engine_symbol,PlatformConfigurationNativeApi::UpdateSemantics,PlatformConfigurationNativeApi::UpdateSemantics,proven,CH-10 hop 10 (E0965),0,libapp.so+0x32be6 <-> libflutter.so+0x1bc97c; 11 of the 11 names the snapshot uses exist in the shipped engine,fragments/F6_libflutter_version.txt,PASS edge CH-10 hop 10,,
98,T3,jni/flutter,binds_engine_symbol,PlatformConfigurationNativeApi::DefaultRouteName,PlatformConfigurationNativeApi::DefaultRouteName,proven,CH-10 hop 11 (E0955),0,libapp.so+0x35285 <-> libflutter.so+0x1ce1f9; 11 of the 11 names the snapshot uses exist in the shipped engine,fragments/F6_libflutter_version.txt,PASS edge CH-10 hop 11,,
99,T3,jni/flutter,binds_engine_symbol,PlatformConfigurationNativeApi::GetRootIsolateToken,PlatformConfigurationNativeApi::GetRootIsolateToken,proven,CH-10 hop 12 (E0957),0,libapp.so+0x3bc6d <-> libflutter.so+0x1c5150; 11 of the 11 names the snapshot uses exist in the shipped engine,fragments/F6_libflutter_version.txt,PASS edge CH-10 hop 12,,
100,T3,jni/flutter,binds_engine_symbol,PlatformConfigurationNativeApi::SendPlatformMessage,PlatformConfigurationNativeApi::SendPlatformMessage,proven,CH-10 hop 13 (E0963),0,libapp.so+0x404fc <-> libflutter.so+0x1cf79b; 11 of the 11 names the snapshot uses exist in the shipped engine,fragments/F6_libflutter_version.txt,PASS edge CH-10 hop 13,,
101,T3,jni/flutter,binds_engine_symbol,PlatformConfigurationNativeApi::Render,PlatformConfigurationNativeApi::Render,proven,CH-10 hop 14 (E0958),0,libapp.so+0x489da <-> libflutter.so+0x1c06f1; 11 of the 11 names the snapshot uses exist in the shipped engine,fragments/F6_libflutter_version.txt,PASS edge CH-10 hop 14,,
102,T3,jni/flutter,spawns_dart_isolate,"FlutterJNI.nativeRunBundleAndSnapshotFromLibrary (declared native, unresolved by exports)",Dart isolate entry: main() in libapp.so,unresolved,,0,F2 lists nativeRunBundleAndSnapshotFromLibrary among the 41 FlutterJNI natives with 0 resolved by libflutter.so exports; the committed dump contains no Dart `main` symbol and no asm listing that instantiates the C2 family (no instruction loads pp+0x3103b0). This is the one hole between the engine and the Dart spine.,fragments/F2_dex_natives.txt,"PASS fragments/F2_dex_natives.txt /nativeRunBundleAndSnapshotFromLibrary/ -> nativeRunBundleAndSnapshotFromLibrary | PASS pp+0x13988 line 16610: AnonymousClosure: (0x3103b0), of [Kkg] _Bpa",ช่องว่างเดียวระหว่าง engine กับแกน Dart: dex ประกาศ nativeRunBundleAndSnapshotFromLibrary แต่ dump ที่ commit ไว้ไม่มี symbol `main` ของ Dart และไม่มี listing ไหนโหลด pp+0x3103b0 (สล็อตของรูทีนคำขอ C2) — ดูสูตรปิดช่องว่าง G1,"the single hole between engine and Dart spine: no `main`, no listing loads the C2 routine's pool slot pp+0x13988 — see recipe G1"
103,T4,dart,type_hierarchy,_au  [EYf.dart],Xu<X0 bound Vu>  [Meg.dart],proven,,0,abstract class Xu<X0 bound Vu> extends _au — the common task base of every family that touches the C2 store,output/blutter/asm/Meg.dart,PASS class Xu @Meg.dart:60 abstract class Xu<X0 bound Vu> extends _au { | PASS class _au @EYf.dart:35 abstract class _au extends Object | PASS class Vu @Meg.dart:234 abstract class Vu extends jI { | PASS class Yu @BYf.dart:29 abstract class Yu<X0 bound Vu> extends Xu<X0 bound Vu>,ฐาน type ร่วม: `Xu<X0 bound Vu> extends _au` — ทุกตระกูลที่แตะสโตร์ C2 สืบจากนี่,the shared task base: `Xu<X0 bound Vu> extends _au`
104,T4,dart,family_member,Xu<dynamic>,_ioa  [kkg]  (field late final PU<LI> fxc @0x14),proven,,0,class _ioa extends Xu<dynamic> {,output/blutter/asm/kkg.dart,PASS class _ioa @kkg.dart:8 class _ioa extends Xu<dynamic> {,สมาชิกตระกูล task #1: `_ioa` ในไลบรารี kkg (field late final PU<LI> fxc @0x14),task-family member: `_ioa` in library kkg (field late final PU<LI> fxc @0x14)
105,T4,dart,family_member,Xu<dynamic>,_Bpa  [Kkg]  (field late double tpe @0x18),proven,,0,class _Bpa extends Xu<dynamic> {,output/blutter/asm/Kkg.dart,PASS class _Bpa @Kkg.dart:8 class _Bpa extends Xu<dynamic> {,สมาชิกตระกูล task #2: `_Bpa` ในไลบรารี Kkg (field late double tpe @0x18),task-family member: `_Bpa` in library Kkg (field late double tpe @0x18)
106,T4,dart,family_member,Xu<dynamic>,"_aqa  [Xkg]  (transformed mixin with Yu<X0 bound Vu>, subclass _bqa)",proven,,0,abstract class _aqa extends Xu<dynamic>,output/blutter/asm/Xkg.dart,PASS class _aqa @Xkg.dart:9 abstract class _aqa extends Xu<dynamic>,"สมาชิกตระกูล task #3: `_aqa` ในไลบรารี Xkg (transformed mixin with Yu<X0 bound Vu>, subclass _bqa)","task-family member: `_aqa` in library Xkg (transformed mixin with Yu<X0 bound Vu>, subclass _bqa)"
107,T4,dart,pool_family,[kkg] _ioa,"18 pool slots in 3 cluster(s), pp+0xd968..pp+0x118a0 overall",proven,,0,"18 pool slots naming _ioa, in 3 cluster(s): pp+0xd968..pp+0xd9d0 (11); pp+0xe438..pp+0xe438 (1); pp+0x11868..pp+0x118a0 (6)",output/blutter/pp.txt,"PASS pp+0xd968 line 12149: AnonymousClosure: (0x37fe90), of [kkg] _ioa | PASS pp+0x118a0 line 15186: AnonymousClosure: (0x4b04a0), of [kkg] _ioa | PASS pp+0xd968..0xd9d0 holds 14 slots (need >= 11) | PASS pp+0xe438..0xe438 holds 1 slots (need >= 1) | PASS pp+0x11868..0x118a0 holds 8 slots (need >= 6)","ตระกูล closure ของ `_ioa` ใน object pool — คลัสเตอร์แรก (pp+0xd968..pp+0xd9d0) มีสล็อต Field ของสโตร์ `[xkg] Yoa` แทรกอยู่ด้วย (pp+0xd9b0 = tKb, pp+0xd9e0 = hne) แปลว่างาน async ฝั่งนี้กับสโตร์ C2 ถูกจัดก้อนไว้ด้วยกันตอน compile",the closure family of [kkg] _ioa as laid out in the object pool
108,T4,dart,pool_family,[Kkg] _Bpa,"21 pool slots in 2 cluster(s), pp+0x137f8..pp+0x175e8 overall",proven,,0,"21 pool slots naming _Bpa, in 2 cluster(s): pp+0x137f8..pp+0x13af0 (20); pp+0x175e8..pp+0x175e8 (1)",output/blutter/pp.txt,"PASS pp+0x137f8 line 16508: AnonymousClosure: (0x310fb4), of [Kkg] _Bpa | PASS pp+0x175e8 line 19751: AnonymousClosure: (0x310910), in [Kkg] _Bpa::<anonymous closure> (0x31 | PASS pp+0x137f8..0x13af0 holds 93 slots (need >= 20) | PASS pp+0x175e8..0x175e8 holds 1 slots (need >= 1)",ตระกูล closure ของ `_Bpa` ใน object pool — รวม sibling 0x3103b0 (pp+0x13988) และ รูทีนคำขอ C2 0x2f8928 (pp+0x139a8),the closure family of [Kkg] _Bpa as laid out in the object pool
109,T4,dart,pool_family,[Xkg] _aqa/_bqa,"25 pool slots in 1 cluster(s), pp+0x17ea0..pp+0x22a48 overall",proven,,0,"25 pool slots naming _aqa/_bqa, in 1 cluster(s): pp+0x17ea0..pp+0x17ea0 (1)",output/blutter/pp.txt,"PASS pp+0x17ea0 line 20190: AnonymousClosure: (0x234768), of [Xkg] _aqa | PASS pp+0x22a48 line 30991: AnonymousClosure: (0x378df8), in [Xkg] _bqa::<anonymous closure> (0x38 | PASS pp+0x17ea0..0x17ea0 holds 1 slots (need >= 1)",ตระกูล closure ของ `_aqa`/`_bqa` (Xkg) ใน object pool — สมาชิกตระกูลที่สามที่เรียก helper ต่อเนื่องตัวเดียวกัน,the closure family of [Xkg] _aqa/_bqa as laid out in the object pool
110,T4,dart,named_upstream_entry,[kkg] _ioa,ugf(dynamic) -> Future<bool>  @0x53ec84 (size 0x318),proven,,0,the only *named* method in the committed dump belonging to the Xu task family that reads the C2 store: `Future<bool> ugf(dynamic) async`,output/blutter/asm/kkg.dart,PASS asm header 0x53ec84 @kkg.dart:233 size 0x318 ([closure] Future<bool> ugf(dynamic) asyn),เมธอดเดียวใน dump ที่มี 'ชื่อจริง' และอ่านสโตร์ C2: `_ioa.ugf(dynamic) -> Future<bool>` ที่ 0x53ec84 (ขนาด 0x318) — นี่คือจุดเข้าฝั่ง upstream ที่พิสูจน์ได้,the only *named* method of the Xu family that reads the C2 store; this is the provable upstream entry point
111,T4,dart,reads_static_store,_ioa.ugf @0x53ec84,"[xkg] Yoa.tKb  (field offset 0xe7c -> field-table 0x1cf8, type Poa)",proven,,0,InitLateStaticField(0xe7c) // [xkg] Yoa::tKb then ldr from the field table; 8 accessors of this slot exist in asm/,output/blutter/asm/kkg.dart,PASS Yoa.tKb has 8 accessors in asm/ (expected 8) | PASS store Yoa has 13 static fields (expected 13),`ugf` เปิดสล็อต static `Yoa.tKb` (offset 0xe7c = field-table 0x1cf8) ด้วย InitLateStaticFieldStub แล้วอ่านค่า — มี accessor ของสล็อตนี้ 8 จุดใน dump,`ugf` initialises and reads the static slot Yoa.tKb; 8 accessors in the dump
112,T4,dart,traverses_stored_object,_ioa.ugf @0x53ec84,field chain: r2 = r0->field_1b -> r0 = r2->field_b -> r0 = r2->field_f,proven,,0,17 LoadField steps inside ugf's own body (0x53ec84..0x53ef9c) walk the object that the store slot points at,output/blutter/asm/kkg.dart,PASS asm header 0x53ec84 @kkg.dart:233 size 0x318 ([closure] Future<bool> ugf(dynamic) asyn),ภายในตัว `ugf` มีการไล่ field 17 ขั้น (r2 = r0->field_1b -> r0 = r2->field_b -> r0 = r2->field_f) เพื่อเดินอ็อบเจกต์ที่สโตร์ชี้ไป — แปลว่าค่าที่ C2 ฝากไว้ถูกอ่านจริง ไม่ใช่แค่ init,"17 LoadField steps inside ugf walk the stored object: the C2 result is actually consumed, not just initialised"
113,T4,dart,reads_static_store,"[kkg] _ioa::<anonymous closure>(dynamic, int) async @0x53e7ac (size 0x1c0)",[xkg] Yoa.tKb (field-table 0x1cf8),proven,,0,"second accessor of the same store slot; it allocates a sibling closure from pp+0xd9c0 (0x38a5d8, inside _ioa's own family) before handing off",output/blutter/asm/kkg.dart,"PASS asm header 0x53e7ac @kkg.dart:69 size 0x1c0 ([closure] Future<Null> <anonymous closur) | PASS pp+0xd9c0 line 12160: AnonymousClosure: (0x38a5d8), in [kkg] _ioa::<anonymous closure> (0x37",accessor ตัวที่สองของสล็อตเดียวกัน — closure นี้สร้าง closure พี่น้องจาก pp+0xd9c0 (0x38a5d8 ในตระกูล _ioa เอง) ก่อนส่งต่องาน,second accessor of the same slot; allocates a sibling closure from pp+0xd9c0 before handing off
114,T4,dart,calls_direct,Kkg.dart+0x533278  (?),continuation helper 0x1a5b64,proven,,0,bl              #0x1a5b64 at Kkg.dart:138,output/blutter/asm/Kkg.dart,PASS Kkg.dart:137 0x533278: r0 = call 0x1a5b64,จุดเรียก helper ต่อเนื่อง 0x1a5b64 จาก Kkg.dart (offset 0x533278),call into the shared continuation helper 0x1a5b64 from Kkg.dart+0x533278
115,T4,dart,calls_direct,Xkg.dart+0x535830  (?),continuation helper 0x1a5b64,proven,,0,bl              #0x1a5b64 at Xkg.dart:98,output/blutter/asm/Xkg.dart,PASS Xkg.dart:97 0x535830: r0 = call 0x1a5b64,จุดเรียก helper ต่อเนื่อง 0x1a5b64 จาก Xkg.dart (offset 0x535830),call into the shared continuation helper 0x1a5b64 from Xkg.dart+0x535830
116,T4,dart,calls_direct,kkg.dart+0x53e950  (?),continuation helper 0x1a5b64,proven,,0,bl              #0x1a5b64 at kkg.dart:219,output/blutter/asm/kkg.dart,PASS kkg.dart:218 0x53e950: r0 = call 0x1a5b64,จุดเรียก helper ต่อเนื่อง 0x1a5b64 จาก kkg.dart (offset 0x53e950),call into the shared continuation helper 0x1a5b64 from kkg.dart+0x53e950
117,T4,dart,fan_in_convergence,3 call sites in 3 different Xu-family libraries (Kkg / Xkg / kkg),continuation helper 0x1a5b64 (no listing),proven,,0,"insn /#0x1a5b64/ matches exactly 3 sites across the whole dump — one per family library, i.e. this helper is where the three task families converge",output/blutter/asm/,"PASS insn /#0x1a5b64\b/ matched 3 (expected 3): Kkg.dart+0x533278, Xkg.dart+0x535830, kkg.dart+0x53e950 | PASS no listing body for 0x1a5b64 (header=None)",ทั้งสามตระกูล task (Kkg/Xkg/kkg) มาบรรจบที่ helper เดียวกัน 0x1a5b64 — พบจุดเรียก ทั้งหมด 3 จุดใน dump ทั้งชุด,all three task families converge on one helper: 3 call sites in the whole dump
118,T4,dart,helper_body_missing,continuation helper 0x1a5b64,(body not in the committed dump),unresolved,,0,"no `** addr: 0x1a5b64` header anywhere under asm/ — the helper is called but never disassembled, so what it dispatches to is not provable from this bundle",output/blutter/asm/,PASS no listing body for 0x1a5b64 (header=None),ไม่มี listing ของ 0x1a5b64 ใน dump (ถูกเรียกแต่ไม่เคยถูก disassemble) — ดูสูตรปิดช่องว่าง G3,0x1a5b64 is called but never disassembled — see recipe G3
119,T4,dart,owns_endpoint_pool_run,[Kkg] _Bpa::<anonymous closure> @0x2f8928 (size -0x1),pool run pp+13988..pp+13ac0 (38 contiguous slots),candidate,,0,"the routine is declared with size -0x1 (no body), so its identity rests on pool adjacency: its own allocation run holds the endpoint string, the multipart template, the verb and the response-side objects",output/blutter/pp.txt,"PASS asm header 0x2f8928 @Kkg.dart:310 size -0x1 ([closure] void <anonymous closure>(dynam) | PASS pp+0x13988..0x13ac0 holds 38 slots (need >= 38) | PASS chain CH-12 has 27 hops (expected 27) | PASS pp+0x139d8 line 16623: String: ""https://rest.snakeseller.com/api/request/""","รูทีนคำขอ C2 @0x2f8928 ถูกประกาศไว้แต่ไม่มี body (size -0x1) — การระบุตัวตนจึงพึ่ง 'ความติดกันของ pool': ช่วง pp+0x13988..pp+0x13ac0 (38 สล็อต) เก็บทั้ง endpoint, แม่แบบ multipart, คำสั่ง post และอ็อบเจกต์ฝั่ง response",the C2 request routine has no body (size -0x1); its identity rests on pool adjacency over 38 contiguous slots
120,T4,dart,byte_sink_signature,[Kkg] _Bpa::<anonymous closure> @0x2f8998,"Null <anonymous closure>(dynamic, Uint8List?)",proven,,0,the sibling closure in the same family takes a nullable Uint8List — the upload payload type; it too has size -0x1 (no body),output/blutter/asm/Kkg.dart,PASS asm header 0x2f8998 @Kkg.dart:313 size -0x1 ([closure] Null <anonymous closure>(dynam),closure พี่น้องในตระกูลเดียวกันรับ `Uint8List?` = ประเภทของ payload ที่อัปโหลด (แต่ก็ไม่มี body เช่นกัน),the sibling closure takes a nullable Uint8List — the upload payload type
121,T4,dart,closure_inventory,[Kkg] _Bpa,21 pool slots (pp+0x137f8..pp+0x175e8): 12 top-level closures + 9 nested children,proven,,0,"every pool slot naming _Bpa: 0x137f8=0x310fb4, 0x13818=0x310e64, 0x13838=0x310a78, 0x13868=0x310720, 0x13888=0x310688, 0x138b0=0x3105ac, 0x138d0=0x3104c4, 0x138e0=0x5332c4, 0x138e8=0x310910, 0x138f8=0x310e58, 0x13960=0x2f7aac, 0x13988=0x3103b0, 0x139a8=0x2f8928, 0x139c8=0x2f8998, 0x139d0=0x310360, 0x139f0=0x533110, 0x13a30=0x310338, 0x13ae0=0x38c2cc, 0x13ae8=0x38c260, 0x13af0=0x38c32c, 0x175e8=0x310910",output/blutter/pp.txt,"PASS pp+0x137f8 line 16508: AnonymousClosure: (0x310fb4), of [Kkg] _Bpa | PASS pp+0x175e8 line 19751: AnonymousClosure: (0x310910), in [Kkg] _Bpa::<anonymous closure> (0x31 | PASS pp+0x137f8..0x175e8 holds 1973 slots (need >= 21)",บัญชี closure ทั้งหมดของ `_Bpa` ใน object pool: 21 สล็อต (pp+0x137f8..pp+0x175e8) — 12 ตัวเป็น closure ระดับบน และ 9 ตัวเป็นลูกซ้อนอยู่ข้างใน; มีแค่ 0x533110 กับ 0x5332c4 เท่านั้นที่มี body จริงใน dump,the complete closure inventory of _Bpa in the object pool; only two of them have a real body in the dump
122,T4,dart,code_not_in_dump,"33/38 slots of pp+0x13988..pp+0x13ac0 (request side: endpoint, action, multipart template, verb, hex literals, name tables, dart:io objects)","loaded by **zero** disassembled routines; the only 5 referenced slots (pp+0x139f8, pp+0x13a00, pp+0x13a10, pp+0x13a20, pp+0x13a30) are all loaded from Kkg.dart — i.e. by the response-check closure @0x533110",proven,,0,"grep for `pp+0xNNN` over all 672 asm files: 33 of the 38 slots in the endpoint's own allocation run are never loaded by any instruction, and every slot that *is* loaded is loaded from Kkg.dart (pp+0x139f8 = String: ""success""; pp+0x13a00 = UnlinkedCall: 0x173c2c - Switc; pp+0x13a10 = UnlinkedCall: 0x173c2c - Switc; pp+0x13a20 = Null; pp+0x13a30 = AnonymousClosure: (0x310338), ). The request-building half of the C2 code is present as pool data only.",output/blutter/asm/,"PASS pp+0x13988 line 16610: AnonymousClosure: (0x3103b0), of [Kkg] _Bpa | PASS pp+0x139a8 line 16614: AnonymousClosure: (0x2f8928), of [Kkg] _Bpa | PASS pp+0x139d8 line 16623: String: ""https://rest.snakeseller.com/api/request/"" | PASS pp+0x139e0 line 16624: String: ""\?action=upload_profile_image"" | PASS pp+0x139d8 line 16623: String: ""https://rest.snakeseller.com/api/request/"" | PASS pp+0x139f8 line 16627: String: ""success"" | PASS pp+0x13a00 line 16628: UnlinkedCall: 0x173c2c - SwitchableCallMissStub | PASS pp+0x13a10 line 16629: UnlinkedCall: 0x173c2c - SwitchableCallMissStub | PASS pp+0x13a20 line 16630: Null | PASS pp+0x13a30 line 16632: AnonymousClosure: (0x310338), in [Kkg] _Bpa::<anonymous closure> (0x2f","ข้อเท็จจริงเชิงลบที่คมที่สุดของ tier นี้: ใน allocation run ของ endpoint (pp+0x13988..pp+0x13ac0) มี 38 สล็อต แต่ 33 สล็อต **ไม่มีโค้ดตัวไหนโหลดเลย** — ที่ถูกโหลดมีแค่ 5 สล็อต (pp+0x139f8, pp+0x13a00, pp+0x13a10, pp+0x13a20, pp+0x13a30) และทั้งหมดถูกโหลดจาก Kkg.dart ซึ่งเป็น closure ฝั่ง 'ตรวจ response' (0x533110) สรุปสั้น ๆ คือ **ฝั่ง response ถูก disassemble ไว้ ฝั่ง request ไม่ได้** — ข้อมูลคำขอ (endpoint, action, multipart, verb, ค่า hex, ตารางชื่อ) นอนอยู่ใน pool อย่างเดียว (ดู G1/G3/G6)","the sharpest negative result of this tier: of 38 slots in the endpoint's own allocation run, 33 are never loaded by any code and the 5 that are loaded all belong to the response-check closure — the response half is disassembled, the request half is not"
123,T4,dart,candidate_secret,"pp+0x13918 / pp+0x13920 (inside the _Bpa region, 192 bytes from the endpoint slot)","""d0166552cf5886ffc1fcadeffd892870dd077f45d50cccfed5e4b7"" (54 hex chars) · ""b8621122bc62a9d0b68bdac18ee7491b"" (32 hex chars)",candidate,,0,"two lowercase-hex literals sitting between _Bpa closure slots pp+0x138f8 and pp+0x13960; no listed routine loads either slot, so neither their owner nor their role (key / IV / token / hash) is provable from this bundle",output/blutter/pp.txt,"PASS pp+0x13918 line 16589: String: ""d0166552cf5886ffc1fcadeffd892870dd077f45d50cccfed5e4b7"" | PASS pp+0x13920 line 16590: String: ""b8621122bc62a9d0b68bdac18ee7491b""",ค่า hex สองก้อนนอนอยู่ระหว่างสล็อต closure ของ `_Bpa` (pp+0x138f8 กับ pp+0x13960) — ก้อนหนึ่ง 54 ตัวอักษร อีกก้อน 32 ตัวอักษร (รูปทรงแบบ MD5) แต่ไม่มีโค้ดตัวไหนโหลด จึงระบุไม่ได้ว่าเป็น key/IV/token หรือ hash — คงไว้เป็น candidate + สูตรใน G6,two hex literals between _Bpa closure slots; owner and role unprovable — kept as candidate with recipe G6
124,T4,dart,candidate_name_table,const List literals pp+0x13850 / pp+0x13950 / pp+0x13998,"List(7) [0, 0x7, 0x1, 0x6, ""llb"", 0x6, Null] · List(15) [0, 0x6, 0x5, 0x1, ""DCb"", 0x5, ""Uva"", 0x3, ""eib"", 0x1, ""ggc"", 0x2 · List(9) [0, 0x3, 0x2, 0x1, ""DCb"", 0x1, ""eib"", 0x2, Null]",candidate,,0,"const lists mixing small ints with 3-char minified identifiers; the same tokens recur all over the pool (the most frequent one appears in 172 of 18786 pool entries), which is the shape of a serialisation / field-name table rather than an obfuscation alphabet",output/blutter/pp.txt,"PASS pp+0x13850 line 16539: List(7) [0, 0x7, 0x1, 0x6, ""llb"", 0x6, Null] | PASS pp+0x13950 line 16595: List(15) [0, 0x6, 0x5, 0x1, ""DCb"", 0x5, ""Uva"", 0x3, ""eib"", 0x1, ""ggc"", | PASS pp+0x13998 line 16612: List(9) [0, 0x3, 0x2, 0x1, ""DCb"", 0x1, ""eib"", 0x2, Null]",List ค่าคงที่ที่ผสม int เล็ก ๆ กับชื่อ identifier 3 ตัวอักษร (ผลจากการ minify) — ชื่อเหล่านี้โผล่ซ้ำทั่วทั้ง pool จึงน่าจะเป็นตารางชื่อฟิลด์สำหรับ serialize มากกว่า ตัวอักษรแทน code; ยังพิสูจน์ไม่ได้เพราะไม่มีโค้ดโหลด (candidate),"const lists mixing ints with 3-char minified identifiers; the tokens recur throughout the pool, so they look like a serialisation field-name table — unproven"
125,T4,dart,unlinked_call,pp+0x13928,UnlinkedCall: 0x173c2c - SwitchableCallMissStub,proven,,0,"a third UnlinkedCall slot inside the _Bpa region, with the same target as pp+0x13a00 and pp+0x13a10 (which the response-check closure loads twice — a megamorphic `[]` on the decoded response map); this one is not loaded by any listed routine",output/blutter/pp.txt,PASS pp+0x13928 line 16591: UnlinkedCall: 0x173c2c - SwitchableCallMissStub,สล็อต UnlinkedCall ตัวที่สามในย่าน `_Bpa` (CH-12 บันทึกสองตัวที่ 0x533110 โหลดจริง) — ตัวนี้ไม่มีโค้ดโหลด เป็นการเรียกแบบ megamorphic ที่ยังไม่ได้ link,"a third UnlinkedCall slot in the region; megamorphic dispatch, not yet linked, and not loaded by any listed routine"
126,T4,dart,config_registry,"[nkg] ooa (abstract, class id 368)","180 static late final fields (List<poa> x1, noa x179), offsets 0xb4c..0xe20 -> field-table 0x1698..0x1c40",proven,,0,"a second global registry whose field slots are interleaved with the _Bpa closures in the pool; its field-table range ends at 0x1c40, immediately below the Yoa store range that starts at 0x1ca0",output/blutter/asm/nkg.dart,PASS class ooa @nkg.dart:15 abstract class ooa extends Object { | PASS pp+0x137f0 line 16507: Field <ooa.sie>: static late final (offset: 0xc88) | PASS pp+0x13810 line 16519: Field <ooa.kke>: static late final (offset: 0xe0c),registry สากลตัวที่สอง: `[nkg] ooa` มี static late final 180 ฟิลด์ (ส่วนใหญ่ประเภท `noa`) ครอบคลุม field-table 0x1698..0x1c40 ซึ่งต่อกับช่วงของสโตร์ `Yoa` (0x1ca0..) พอดี — เป็นโครง config ระดับแอปที่วางชิดกับฝั่ง C2,a second global registry of 180 late-final fields whose field-table range abuts the Yoa store range
127,T4,dart,registry_unaccessed,[nkg] ooa (180 fields),**0** accessors in the whole dump (0/180 fields touched),unresolved,,0,the same field-table grep that found the Yoa readers finds nothing at all for ooa: not one of its 180 slots is initialised or read by disassembled code,output/blutter/asm/,PASS class ooa @nkg.dart:15 abstract class ooa extends Object {,"registry ทั้งก้อนนี้ไม่มี accessor เลยใน dump (180 ฟิลด์, 0 การเข้าถึง) — ผู้ที่ init/อ่านมันอยู่ในโค้ดที่ไม่ถูก disassemble เหมือนฝั่งคำขอ C2 (ดูสูตร G7)","the entire registry has zero accessors in the dump — its initialisers live in undisassembled code, exactly like the C2 request side (recipe G7)"
128,T4,dart,shared_state_store,"[xkg] Yoa (abstract, class id 334)","13 static late fields, offsets 0xe50..0xe80",proven,,0,String:Vge@0xe50; String:Wge@0xe54; String:Xge@0xe58; String:Yge@0xe5c; String:Zge@0xe60; int:cne@0xe64; int:dne@0xe68; int:ene@0xe6c; wx<int>:fne@0xe70; Uint8List:gne@0xe74; Loa:hne@0xe78; Poa:tKb@0xe7c; Xoa:ine@0xe80,output/blutter/asm/xkg.dart,PASS class Yoa @xkg.dart:8 abstract class Yoa extends Object { | PASS store Yoa has 13 static fields (expected 13),สโตร์สถานะร่วม `[xkg] Yoa` มี static late field 13 ตัว (offset 0xe50..0xe80) — ทั้งตระกูล `_Bpa` (ฝั่งคำขอ/ตอบ C2) และ `_ioa` (ฝั่งงาน async) อ่าน/เขียนที่นี่,the shared static store: 13 late fields spanning 0xe50..0xe80
129,T4,dart,addressing_rule,field offset (class metadata),field-table address = 2 x offset  (THR+0x68 -> field_table_values),proven,,0,"verified twice on this store: hne@0xe78 is loaded as [x,#0x1cf0] and tKb@0xe7c as [x,#0x1cf8]",output/blutter/asm/,PASS Yoa.hne has 2 accessors in asm/ (expected 2) | PASS Yoa.tKb has 8 accessors in asm/ (expected 8),กฎการเข้าถึง: ที่อยู่ field-table = 2 เท่าของ offset — ตรวจแล้วสองครั้งบนสโตร์นี้ (hne@0xe78 -> 0x1cf0 และ tKb@0xe7c -> 0x1cf8) ทำให้ไล่หา reader/writer ของทุกสล็อตได้ด้วย grep,"field-table address = 2 x offset, verified on both accessed slots — this is what makes every other slot greppable"
130,T4,dart,store_slots_unaccessed,[xkg] Yoa,"11 of 13 slots have no accessor in the dump: Vge, Wge, Xge, Yge, Zge, cne, dne, ene, fne, gne, ine",unresolved,,0,"field-table grep over all 672 asm files for 0x1ca0, 0x1ca8, 0x1cb0, 0x1cb8, 0x1cc0, 0x1cc8, 0x1cd0, 0x1cd8, 0x1ce0, 0x1ce8, 0x1d00 finds nothing for these slots — their readers/writers live in routines blutter did not list",output/blutter/asm/,PASS Yoa.Vge has 0 accessors in asm/ (expected 0) | PASS store Yoa has 13 static fields (expected 13),11 จาก 13 สล็อตไม่มี accessor ใน dump (รวม String 5 ตัวที่อาจเป็น token/host) — ดูสูตรปิดช่องว่าง G5,11 of 13 slots have no accessor in the dump — see recipe G5
131,T4,dart,byte_fetch_routine,[xkg] Yoa::<static anonymous closure> @0x52b4e4,Future<Uint8List> (size 0x388): AllocateUint8Array + 6 byte-move steps + AwaitStub,proven,,0,"static closure of the store class, pool slot pp+0xe1d8; allocates TypeArguments <Uint8List> (pp+0x1300) and reads Field <::.Yza> static late final (pp+0xe1d0)",output/blutter/asm/xkg.dart,"PASS asm header 0x52b4e4 @xkg.dart:25 size 0x388 (static late Xoa ine; // offset: 0xe80) | PASS pp+0xe1d8 line 12565: AnonymousClosure: static (0x52b4e4), of [xkg] Yoa | PASS pp+0x1300 line 757: TypeArguments: <Uint8List> | PASS pp+0xe1d0 line 12564: Field <::.Yza>: static late final (offset: 0x36c)","closure static ของคลาสสโตร์เอง (pp+0xe1d8) คืนค่า `Future<Uint8List>`: จอง Uint8Array, คัดลอกไบต์ 6 ขั้น, Await — นี่คือฝั่ง 'ดึงไบต์' ที่เลี้ยง payload ฝั่งอัปโหลด",the store class's own static closure returns Future<Uint8List>: 6 byte-move steps — this is the byte-fetch side feeding the upload payload
132,T4,dart,collapsed_range,"AS::Map<String, dynamic> wVa(AS)",[dart:core] StateError::_throwNew,proven,CH-11 hops 1-12,12,"CH-11: 12 proven hops, Dart instruction-level call edges (fan-in ranking) .. L5 (imported verbatim in CALL_LINKAGE.md)",call_linkage.json,PASS chain CH-11 has 12 hops (expected 12),ขอบ call ระดับคำสั่งของ Dart (จัดอันดับ fan-in) — ย่อเป็นฮอปเดียว (รายละเอียดครบใน CALL_LINKAGE.md CH-11),"Dart instruction-level call edges, fan-in ranking — collapsed to one hop (full detail in CALL_LINKAGE.md CH-11)"
133,T5,dart,TERMINUS,[Kkg] _Bpa::<anonymous closure> @0x2f8928,"pp+0x139d8  ""https://rest.snakeseller.com/api/request/""",proven,,0,pool slot pp+0x139d8 holds the endpoint verbatim; pp+0x139e0 holds the action query \?action=upload_profile_image ; the two slots are 8 bytes apart inside the same allocation run,output/blutter/pp.txt,"PASS pp+0x139d8 line 16623: String: ""https://rest.snakeseller.com/api/request/"" | PASS pp+0x139e0 line 16624: String: ""\?action=upload_profile_image""",ปลายทางของแกนนี้: pp+0x139d8 เก็บ endpoint `https://rest.snakeseller.com/api/request/` ตรงตัว และ pp+0x139e0 เก็บ action `\?action=upload_profile_image` ห่างกัน 8 ไบต์ในช่วง allocation เดียวกัน,"the terminus of this spine: pp+0x139d8 holds the endpoint, pp+0x139e0 the action query"
134,T5,dart,uses_pool_string,[Kkg] _Bpa::<anonymous closure> @ 0x2f8928,"""https://rest.snakeseller.com/api/request/""",probable,CH-12 hop 1 (E0949),0,the same string F5 found as a raw byte run at libapp.so file offset 0x43fe5 and F8 confirmed pool-exact at pp+0x139d8; output/blutter/pp.txt:16623,output/blutter/pp.txt:16623,PASS edge CH-12 hop 1,,
135,T5,dart,uses_pool_string,[Kkg] _Bpa::<anonymous closure> @ 0x2f8928,"""\?action=upload_profile_image""",probable,CH-12 hop 2 (E0950),0,"the slot right after the endpoint, in the same run; output/blutter/pp.txt:16624",output/blutter/pp.txt:16624,PASS edge CH-12 hop 2,,
136,T5,dart,uses_pool_string,[Kkg] _Bpa::<anonymous closure> @ 0x2f8928,multipart POST template (12 slots pp+0x13a38..0x13a90),probable,CH-12 hop 3 (E0951),0,consecutive slots between the endpoint run and the next unrelated entry; output/blutter/pp.txt:16633,output/blutter/pp.txt:16633,PASS edge CH-12 hop 3,,
137,T5,dart,dart_call,"_Bpa::[closure] Null <anonymous closure>(dynamic, bool, String)",0x3102f4,candidate,CH-12 hop 4 (E0244),0,"output/blutter/asm/Kkg.dart:30 inside `[closure] Null <anonymous closure>(dynamic, bool, String)` (function entry 0x533110), instruction `//     0x53313c: bl              #0x3102f4`",output/blutter/asm/Kkg.dart:30,PASS edge CH-12 hop 4,,
138,T5,dart,loads_pool_slot,"_Bpa::[closure] Null <anonymous closure>(dynamic, bool, String)","""success""",proven,CH-12 hop 5 (E0245),0,"output/blutter/asm/Kkg.dart:33 inside `[closure] Null <anonymous closure>(dynamic, bool, String)` (function entry 0x533110), instruction `//     0x533144: add             x16, PP, #0x13, lsl #12  ; [pp+0x139f8] ""success""`",output/blutter/asm/Kkg.dart:33,PASS edge CH-12 hop 5,,
139,T5,dart,loads_pool_slot,"_Bpa::[closure] Null <anonymous closure>(dynamic, bool, String)",UnlinkedCall: 0x173c2c - SwitchableCallMissStub,proven,CH-12 hop 6 (E0246),0,"output/blutter/asm/Kkg.dart:40 inside `[closure] Null <anonymous closure>(dynamic, bool, String)` (function entry 0x533110), instruction `//     0x533158: add             x16, PP, #0x13, lsl #12  ; [pp+0x13a00] UnlinkedCall: 0x173c2c - SwitchableCallMissStub`",output/blutter/asm/Kkg.dart:40,PASS edge CH-12 hop 6,,
140,T5,dart,calls_unlinked_slot,"_Bpa::[closure] Null <anonymous closure>(dynamic, bool, String)",SwitchableCallMissStub,strong,CH-12 hop 7 (E0247),0,"output/blutter/asm/Kkg.dart:43 inside `[closure] Null <anonymous closure>(dynamic, bool, String)` (function entry 0x533110), instruction `// 0x533164: blr             lr`; preceding: 0x533158: add x16, PP, #0x13, lsl #12 ; [pp+0x13a00] UnlinkedCall: 0x173c2c - SwitchableCallMissStub / 0x53315c: add x16, x16, #0xa00 / 0x533160: ldp x5, lr, [x16]",output/blutter/asm/Kkg.dart:43,PASS edge CH-12 hop 7,,
141,T5,dart,dart_gdt_dispatch,"_Bpa::[closure] Null <anonymous closure>(dynamic, bool, String)","GDT[cid + 0] - the Dart dispatch table, indexed by the receiver's class id",probable,CH-12 hop 8 (E0248),0,"output/blutter/asm/Kkg.dart:57 inside `[closure] Null <anonymous closure>(dynamic, bool, String)` (function entry 0x533110), instruction `// 0x53318c: blr             lr`; preceding: 0x533180: mov x0, x1 / 0x533184: mov lr, x0 / 0x533188: ldr lr, [x21, lr, lsl #3]",output/blutter/asm/Kkg.dart:57,PASS edge CH-12 hop 8,,
142,T5,dart,branch_on_check,"_Bpa::[closure] Null <anonymous closure>(dynamic, bool, String)",the merge point at 0x53323c of the same function - where the handler continues when the check does NOT hold,proven,CH-12 hop 9 (E0953),0,"output/blutter/asm/Kkg.dart:58 inside `[closure] Null <anonymous closure>(dynamic, bool, String)` (function entry 0x533110), instruction `// 0x533190: tbnz            w0, #4, #0x53323c`",output/blutter/asm/Kkg.dart:58,PASS edge CH-12 hop 9,,
143,T5,dart,loads_pool_slot,"_Bpa::[closure] Null <anonymous closure>(dynamic, bool, String)",Sentinel,proven,CH-12 hop 10 (E0249),0,"output/blutter/asm/Kkg.dart:62 inside `[closure] Null <anonymous closure>(dynamic, bool, String)` (function entry 0x533110), instruction `//     0x53319c: ldr             x16, [PP, #0x40]  ; [pp+0x40] Sentinel`",output/blutter/asm/Kkg.dart:62,PASS edge CH-12 hop 10,,
144,T5,dart,loads_pool_slot,"_Bpa::[closure] Null <anonymous closure>(dynamic, bool, String)",Field <Yoa.hne>: static late (offset: 0xe78),proven,CH-12 hop 11 (E0250),0,"output/blutter/asm/Kkg.dart:65 inside `[closure] Null <anonymous closure>(dynamic, bool, String)` (function entry 0x533110), instruction `//     0x5331a8: add             x2, PP, #0xd, lsl #12  ; [pp+0xd9e0] Field <Yoa.hne>: static late (offset: 0xe78)`",output/blutter/asm/Kkg.dart:65,PASS edge CH-12 hop 11,,
145,T5,dart,dart_call,"_Bpa::[closure] Null <anonymous closure>(dynamic, bool, String)",InitLateStaticFieldStub,proven,CH-12 hop 12 (E0251),0,"output/blutter/asm/Kkg.dart:67 inside `[closure] Null <anonymous closure>(dynamic, bool, String)` (function entry 0x533110), instruction `//     0x5331b0: bl              #0x5526e0  ; InitLateStaticFieldStub`",output/blutter/asm/Kkg.dart:67,PASS edge CH-12 hop 12,,
146,T5,dart,loads_pool_slot,"_Bpa::[closure] Null <anonymous closure>(dynamic, bool, String)","""data""",proven,CH-12 hop 13 (E0252),0,"output/blutter/asm/Kkg.dart:77 inside `[closure] Null <anonymous closure>(dynamic, bool, String)` (function entry 0x533110), instruction `//     0x5331cc: ldr             lr, [PP, #0x1340]  ; [pp+0x1340] ""data""`",output/blutter/asm/Kkg.dart:77,PASS edge CH-12 hop 13,,
147,T5,dart,loads_pool_slot,"_Bpa::[closure] Null <anonymous closure>(dynamic, bool, String)",UnlinkedCall: 0x173c2c - SwitchableCallMissStub,proven,CH-12 hop 14 (E0253),0,"output/blutter/asm/Kkg.dart:83 inside `[closure] Null <anonymous closure>(dynamic, bool, String)` (function entry 0x533110), instruction `//     0x5331dc: add             x16, PP, #0x13, lsl #12  ; [pp+0x13a10] UnlinkedCall: 0x173c2c - SwitchableCallMissStub`",output/blutter/asm/Kkg.dart:83,PASS edge CH-12 hop 14,,
148,T5,dart,calls_unlinked_slot,"_Bpa::[closure] Null <anonymous closure>(dynamic, bool, String)",SwitchableCallMissStub,strong,CH-12 hop 15 (E0254),0,"output/blutter/asm/Kkg.dart:86 inside `[closure] Null <anonymous closure>(dynamic, bool, String)` (function entry 0x533110), instruction `// 0x5331e8: blr             lr`; preceding: 0x5331dc: add x16, PP, #0x13, lsl #12 ; [pp+0x13a10] UnlinkedCall: 0x173c2c - SwitchableCallMissStub / 0x5331e0: add x16, x16, #0xa10 / 0x5331e4: ldp x5, lr, [x16]",output/blutter/asm/Kkg.dart:86,PASS edge CH-12 hop 15,,
149,T5,dart,loads_pool_slot,"_Bpa::[closure] Null <anonymous closure>(dynamic, bool, String)",Type: int,proven,CH-12 hop 16 (E0255),0,"output/blutter/asm/Kkg.dart:102 inside `[closure] Null <anonymous closure>(dynamic, bool, String)` (function entry 0x533110), instruction `//     0x533214: ldr             x8, [PP, #0xf80]  ; [pp+0xf80] Type: int`",output/blutter/asm/Kkg.dart:102,PASS edge CH-12 hop 16,,
150,T5,dart,loads_pool_slot,"_Bpa::[closure] Null <anonymous closure>(dynamic, bool, String)",Null,proven,CH-12 hop 17 (E0256),0,"output/blutter/asm/Kkg.dart:104 inside `[closure] Null <anonymous closure>(dynamic, bool, String)` (function entry 0x533110), instruction `//     0x533218: add             x3, PP, #0x13, lsl #12  ; [pp+0x13a20] Null`",output/blutter/asm/Kkg.dart:104,PASS edge CH-12 hop 17,,
151,T5,dart,dart_call,"_Bpa::[closure] Null <anonymous closure>(dynamic, bool, String)",IsType_int_Stub,proven,CH-12 hop 18 (E0257),0,"output/blutter/asm/Kkg.dart:107 inside `[closure] Null <anonymous closure>(dynamic, bool, String)` (function entry 0x533110), instruction `//     0x533220: bl              #0x55b758  ; IsType_int_Stub`",output/blutter/asm/Kkg.dart:107,PASS edge CH-12 hop 18,,
152,T5,dart,stores_response_field,"_Bpa::[closure] Null <anonymous closure>(dynamic, bool, String)",Field <Yoa.hne>: static late (offset: 0xe78); the value lands in (r0->field_1f)->r0->field_1b,proven,CH-12 hop 19 (E0954),0,"output/blutter/asm/Kkg.dart:114 inside `[closure] Null <anonymous closure>(dynamic, bool, String)` (function entry 0x533110), IR line `// 0x533238: StoreField: r0->field_1b = r1` / instruction `stur x1, [x0, #0x1b]`",output/blutter/asm/Kkg.dart:114,PASS edge CH-12 hop 19,,
153,T5,dart,dart_tail_call,"_Bpa::[closure] Null <anonymous closure>(dynamic, bool, String)",Kkg__Bpa::_anon_closure_533110,strong,CH-12 hop 20 (E0258),0,"output/blutter/asm/Kkg.dart:117 inside `[closure] Null <anonymous closure>(dynamic, bool, String)` (function entry 0x533110), instruction `// 0x533240: b               #0x533250`",output/blutter/asm/Kkg.dart:117,PASS edge CH-12 hop 20,,
154,T5,dart,dart_instantiates_closure,"_Bpa::[closure] Null <anonymous closure>(dynamic, bool, String)",[Kkg] _Bpa::<anonymous closure> closure @ 0x310338 (pool slot pp+0x13a30),proven,CH-12 hop 21 (E0259),0,"output/blutter/asm/Kkg.dart:131 `//     0x533264: add             x1, PP, #0x13, lsl #12  ; [pp+0x13a30] AnonymousClosure: (0x310338), in [Kkg] _Bpa::<anonymous closure> (0x2f8928)`",output/blutter/asm/Kkg.dart:131,PASS edge CH-12 hop 21,,
155,T5,dart,dart_call,"_Bpa::[closure] Null <anonymous closure>(dynamic, bool, String)",AllocateClosureStub,proven,CH-12 hop 22 (E0260),0,"output/blutter/asm/Kkg.dart:134 inside `[closure] Null <anonymous closure>(dynamic, bool, String)` (function entry 0x533110), instruction `//     0x53326c: bl              #0x553954  ; AllocateClosureStub`",output/blutter/asm/Kkg.dart:134,PASS edge CH-12 hop 22,,
156,T5,dart,dart_call,"_Bpa::[closure] Null <anonymous closure>(dynamic, bool, String)",0x1a5b64,candidate,CH-12 hop 23 (E0261),0,"output/blutter/asm/Kkg.dart:138 inside `[closure] Null <anonymous closure>(dynamic, bool, String)` (function entry 0x533110), instruction `//     0x533278: bl              #0x1a5b64`",output/blutter/asm/Kkg.dart:138,PASS edge CH-12 hop 23,,
157,T5,dart,dart_call,"_Bpa::[closure] Null <anonymous closure>(dynamic, bool, String)",StackOverflowSharedWithoutFPURegsStub,proven,CH-12 hop 24 (E0262),0,"output/blutter/asm/Kkg.dart:147 inside `[closure] Null <anonymous closure>(dynamic, bool, String)` (function entry 0x533110), instruction `//     0x53328c: bl              #0x554734  ; StackOverflowSharedWithoutFPURegsStub`",output/blutter/asm/Kkg.dart:147,PASS edge CH-12 hop 24,,
158,T5,dart,dart_tail_call,"_Bpa::[closure] Null <anonymous closure>(dynamic, bool, String)",Kkg__Bpa::_anon_closure_533110,strong,CH-12 hop 25 (E0263),0,"output/blutter/asm/Kkg.dart:148 inside `[closure] Null <anonymous closure>(dynamic, bool, String)` (function entry 0x533110), instruction `// 0x533290: b               #0x533138`",output/blutter/asm/Kkg.dart:148,PASS edge CH-12 hop 25,,
159,T5,dart,dart_call,"_Bpa::[closure] Null <anonymous closure>(dynamic, bool, String)",NullCastErrorSharedWithoutFPURegsStub,proven,CH-12 hop 26 (E0264),0,"output/blutter/asm/Kkg.dart:150 inside `[closure] Null <anonymous closure>(dynamic, bool, String)` (function entry 0x533110), instruction `//     0x533294: bl              #0x554cdc  ; NullCastErrorSharedWithoutFPURegsStub`",output/blutter/asm/Kkg.dart:150,PASS edge CH-12 hop 26,,
160,T5,dart,uses_pool_string,[Kkg] _Bpa::<anonymous closure> @ 0x2f8928,post-response run (5 slots pp+0x13aa0..0x13ac0),probable,CH-12 hop 27 (E0952),0,"consecutive slots after the POST template, same run; output/blutter/pp.txt:16646",output/blutter/pp.txt:16646,PASS edge CH-12 hop 27,,
