id,check,severity,kind,title_en,title_th,evidence,impact,fix
C14-pinned-identity,C14 guest identity,P0,design,"the chain-check diagnostic binds :p0 to a fake package ('com.aether.test.chaincheck', hard-coded slot 0) and GuestProcessHolder.config is NEVER cleared, while ProxyActivity applies a p3-first rule that lets that stale config OVERRIDE the intent's target_package. Two live triggers reach the poisoned slot: (a) AetherOrchestrator still dispatches 'else 0' -> P0 when allocate() finds no free slot, and (b) allocate() only skips a slot when getRunningAppProcesses() happens to report it (null/empty -> slot 0). Either way :p0 loads a package that is not installed and finishes","ปุ่ม chain-check ผูก :p0 ไว้กับ package ปลอม ('com.aether.test.chaincheck', slot 0 แบบ hardcode) และ GuestProcessHolder.config ไม่เคยถูกล้าง ขณะที่ ProxyActivity ใช้กฎ p3-first ให้ config เก่าตัวนั้นชนะ target_package ใน intent - มี 2 ทางที่พาไปเจอ slot ที่ปนเปื้อน: (ก) AetherOrchestrator ยัง dispatch 'else 0' -> P0 เมื่อ allocate() หา slot ว่างไม่เจอ (ข) allocate() ข้าม slot ก็ต่อเมื่อ getRunningAppProcesses() รายงานมัน (null/ว่าง -> ได้ slot 0) ทั้งสองทางทำให้ :p0 พยายามโหลด package ที่ไม่ได้ติดตั้งแล้ว finish ตัวเอง","EngineBridge.kt:410 (providerAuthority(0)) + :413 (fake pkg); GuestProcessRegistry.kt:192 (config set) / :186 (reject path, no reset); ProxyActivity.kt:37 (p3-first override); AetherOrchestrator.kt:529 ('else 0' fallback)",'press Play -> bounce back to the same screen' with no error shown; commit 8c51880 already records this failure mode (':p0 ที่ chaincheck ปินไว้') but only fixed the handshook branch - the no-slot fallback and the missing reset are still there,"three fixes, in order: (1) give GuestProcessHolder a reset()/rebind() and call it when handleInit sees a different package instead of rejecting; (2) make the diagnostic use its OWN slot (MAX_SLOTS-1) and never the guest's slot 0; (3) in ProxyActivity, treat a p3/intent mismatch as an error (finish with a reported reason) instead of silently loading the stale identity"
C2-bounce-guard,C2 boot path,P0,design,"ProxyActivity.onCreate has 3 distinct silent-exit paths (swap-miss guard, load-failure finish, non-virtual finish) - all of them return the user to the home screen with no on-screen reason","ProxyActivity.onCreate มีทางจบแบบเงียบ 3 ทาง (guard ตอน swap ไม่เกิด, finish ตอน load fail, finish โหมด non-virtual) - ทั้ง 3 ทางพาผู้ใช้กลับหน้าเดิมโดยไม่บอกเหตุผลบนจอ","ProxyActivity.kt:102 (guard), :194 (launch-failed finish)",this is exactly the reported symptom: กดปุ่มรันเกมแล้วเด้งกลับหน้าเดิม,"surface the failure: write the reason to DiagLog AND return it through the channel (launchInSandbox should return a String/Map, not Boolean) so the UI can show which of the 3 paths fired"
C4-false-telemetry,C4 native implementation,P0,consistency,"AetherOrchestrator logs 'VirtualFS: IO enabled, N redirect rules registered' but Engine.enableIO() and Engine.addIORule() are empty C++ stubs - no path is ever redirected natively","AetherOrchestrator log ว่า 'VirtualFS: IO enabled, N redirect rules registered' แต่ enableIO()/addIORule() เป็น stub ว่างใน C++ - ไม่มี path redirect เกิดจริง",AetherOrchestrator.kt:137 vs aether_core.cpp enableIO/addIORule,the UI diagnostic (testVirtualFS / getVirtualAppStatus) reports a working virtual FS that does not exist; guest file I/O lands on host paths,"wire enableIO/addIORule to layer/bindmount/virtual_fs.cpp (already written, see C5-orphans) and make the Kotlin log report the native return value"
C4-hollow-chain,C4 native implementation,P0,substance,"4 of the 5 chain-required JNI hops are registered and called from the 'correct' Kotlin file, but their C++ bodies do nothing: nativeInitContext (SNAKE Native.ic (hop17, yu0.f after loadLibrary), aether_core.cpp:185 = LOG-ONLY); nativeProcessPair (SNAKE Native.ac (hop23, b8.callActivityOnResume), aether_core.cpp:182 = LOG-ONLY); nativeProcessTriple (SNAKE Native.pjowqpxe (hidden dex), aether_core.cpp:183 = LOG-ONLY); nativeReflectUpdate (SNAKE Native.update (hidden dex, MethodUtils), aether_core.cpp:184 = LOG-ONLY)","hop ระดับ native 4 จาก 5 ตัวที่ gate รับรองว่า 'วางถูกตำแหน่ง' มี body ว่างเปล่า: nativeInitContext (SNAKE Native.ic (hop17, yu0.f after loadLibrary), aether_core.cpp:185 = LOG-ONLY); nativeProcessPair (SNAKE Native.ac (hop23, b8.callActivityOnResume), aether_core.cpp:182 = LOG-ONLY); nativeProcessTriple (SNAKE Native.pjowqpxe (hidden dex), aether_core.cpp:183 = LOG-ONLY); nativeReflectUpdate (SNAKE Native.update (hidden dex, MethodUtils), aether_core.cpp:184 = LOG-ONLY)",aether-native/src/main/cpp/aether_core.cpp,scripts/native_chain_parity.py prints PASS ('ทุก hop chain-required ... call-site ถูกตำแหน่ง') while the native layer contributes zero behaviour - a green gate over a hollow chain,"extend the gate: after placement, assert the C++ body is not EMPTY/LOG-ONLY; then implement the hops (or record them as deliberately no-op in the gate output instead of PASS)"
C6-no-exemption,C6 hidden API,P0,substance,"the boot chain reflects into 20 restricted framework members (Activity.mActivityInfo, Activity.mResources, Activity.mTheme, ActivityThread.currentActivityThread, ActivityThread.mAllApplications, ActivityThread.mInitialApplication, ActivityThread.mInstrumentation, AppBindData.processName, AppCompatActivity.mDelegate, AssetManager.addAssetPath, ContextImpl.mApplicationInfo, ContextImpl.mPackageInfo, ContextWrapper.mBase, IActivityManagerSingleton, LoadedApk.mApplication, LoadedApk.mCredentialProtectedDataDirFile, LoadedApk.mDataDirFile, LoadedApk.mDeviceProtectedDataDirFile, ServiceManager.sCache, Singleton.mInstance) and the repo contains no hidden-API exemption/bypass anywhere (0 hits for setHiddenApiExemptions / VMRuntime / hiddenapi in 85 source files)","chain การ boot ยิง reflection เข้า framework member ที่ถูกจำกัด 20 จุด (Activity.mActivityInfo, Activity.mResources, Activity.mTheme, ActivityThread.currentActivityThread, ActivityThread.mAllApplications, ActivityThread.mInitialApplication, ActivityThread.mInstrumentation, AppBindData.processName, AppCompatActivity.mDelegate, AssetManager.addAssetPath, ContextImpl.mApplicationInfo, ContextImpl.mPackageInfo, ContextWrapper.mBase, IActivityManagerSingleton, LoadedApk.mApplication, LoadedApk.mCredentialProtectedDataDirFile, LoadedApk.mDataDirFile, LoadedApk.mDeviceProtectedDataDirFile, ServiceManager.sCache, Singleton.mInstance) แต่ทั้ง repo ไม่มีการขอ hidden-API exemption เลย (0 hit ใน 85 ไฟล์)",Activity.mActivityInfo -> aether-android/aether-app/src/main/kotlin/com/aether/engine/proxy/AetherInstrumentation.kt:276; Activity.mResources -> aether-android/aether-app/src/main/kotlin/com/aether/engine/proxy/AetherInstrumentation.kt:193; Activity.mTheme -> aether-android/aether-app/src/main/kotlin/com/aether/engine/proxy/AetherInstrumentation.kt:262; ActivityThread.currentActivityThread -> aether-android/aether-app/src/main/kotlin/com/aether/engine/proxy/AetherInstrumentation.kt:63; ActivityThread.mAllApplications -> aether-android/aether-app/src/main/kotlin/com/aether/engine/proxy/VirtualAppLoader.kt:208; ActivityThread.mInitialApplication -> aether-android/aether-app/src/main/kotlin/com/aether/engine/proxy/VirtualAppLoader.kt:202; ActivityThread.mInstrumentation -> aether-android/aether-app/src/main/kotlin/com/aether/engine/proxy/AetherInstrumentation.kt:64; AppBindData.processName -> aether-core/src/main/kotlin/com/aether/GuestRuntime.kt:254,"on Android 9+ every blocked member throws NoSuchField/NoSuchMethod; each site is wrapped in try/catch, so the chain degrades silently to 'passthrough' and ProxyActivity finishes -> the UI bounces back with no error","install an exemption once per process before any hook runs - the JNI slots for it already exist and are empty: Engine.setAccessible(Field)/setAccessible(Method) (see C3-dead-natives); call them from AetherApp.onCreate right after EngineLoader.load(), then re-check with the chainCheck button"
C9-hookA-dead,C9 activity virtualization,P0,design,"AetherInstrumentation.execStartActivity is declared WITHOUT 'override' - it is a new method on the subclass, so ActivityThread (which calls the framework Instrumentation.execStartActivity overloads) never dispatches to it; rewriteToStub() therefore never runs",AetherInstrumentation.execStartActivity ประกาศโดยไม่มี 'override' - เป็น method ใหม่ของ subclass จึงไม่มีทางที่ ActivityThread จะเรียก; rewriteToStub() ไม่เคยทำงาน,"AetherInstrumentation.kt:382 (declaration), :392 (rewriteToStub call)",Hook A is the mechanism that keeps every SUBSEQUENT guest activity launch inside the sandbox. Without it only the first (bootstrap) launch is stubbed; the moment the guest starts another activity AMS resolves it to the real installed app or fails -> visible as 'game does not boot / bounces back',"implement Hook A the way VirtualApp does: replace ActivityThread.mInstrumentation AND hook the IActivityManager/ATMS binder proxy (ServiceBinderProxy already wraps 'activity'), rewriting the Intent inside the binder call - or delete execStartActivity and stop documenting it as an active hook"
C10-abspath-native_chain_parity.py,C10 gate reproducibility,P1,consistency,scripts/native_chain_parity.py:13 hard-codes the absolute path /var/minis/workspace/codes/Codes/SnakeLogic/fragments/F2_dex_natives.txt (exists on this machine: False),scripts/native_chain_parity.py:13 ฝัง path แบบ absolute /var/minis/workspace/codes/Codes/SnakeLogic/fragments/F2_dex_natives.txt (มีอยู่จริงบนเครื่องนี้: False),scripts/native_chain_parity.py:13,"the gate crashes with FileNotFoundError on any other checkout, and preflight G3b counts that crash as FAIL for the wrong reason - the parity claim is unverifiable for anyone else","resolve the evidence directory from an env var / CLI flag with a repo-relative default, and vendor the needed fragment (F2) under reference/"
C10-missing-evidence,C10 gate reproducibility,P1,evidence,"source/comments cite 4 document(s) that are not committed anywhere in the repo: DATA_DUMP.md, NATIVE_CALLSITE_MAP.md, NATIVE_LOGIC.md, REPORT.md","โค้ด/คอมเมนต์อ้างถึงเอกสาร 4 ชิ้นที่ไม่ได้ commit ไว้ใน repo: DATA_DUMP.md, NATIVE_CALLSITE_MAP.md, NATIVE_LOGIC.md, REPORT.md",grep of *.kt/*.py/*.md/*.sh vs docs/ inventory,"the SNAKE parity claims (a7.m / jv0.P2 / jv0.O2 / b8 hop numbers, '_Engine_|_init_process_' schema) rest on these transcripts; nobody can re-verify them, and the committed evidence in Codes/SnakeLogic does NOT contain the strings they quote",commit the transcripts under reference/ (or link the Codes/SnakeLogic fragment that does contain the fact) and mark every claim that has no committed evidence as UNVERIFIED
C11-degraded-only,C11 test coverage,P1,coverage,"3 tests touch chain entry points (bindToActivityThread, installProviders, newActivity) but the AOSP test stub makes ActivityThread.currentActivityThread() return null, so every one of them asserts the DEGRADED path (install() == false, bind refused) - the success path of the boot chain has no automated coverage at all","test 3 เคสแตะ entry point ของ chain (bindToActivityThread, installProviders, newActivity) แต่ stub AOSP ทำให้ currentActivityThread() คืน null ทุกเคสจึงยืนยันเฉพาะ path ที่ degraded (install() == false, bind ถูกปฏิเสธ) - path ที่สำเร็จของ chain การ boot ไม่มี test เลย",aether-android/test-stubs/android/app/ActivityThread.kt + aether-android/aether-app/src/test/kotlin/com/aether/engine/proxy/AetherInstrumentationTest.kt; aether-core/src/test/kotlin/com/aether/GuestRuntimeTest.kt; aether-core/src/test/kotlin/com/aether/GuestRuntimeTest.kt,"CI green == 'the chain fails safely', not 'the chain works'; that is why every regression is only found on a device",introduce a seam (interface for the framework probes) with two stubs - one that returns null and one that returns a fake ActivityThread - and assert BOTH paths
C13-binder-restore-only,C13 internal contradictions,P1,consistency,"AetherOrchestrator.shutdown() restores the binder PID/UID overrides, but setBinderCallingPidOverride/setBinderCallingUidOverride are never called anywhere - the guest's binder calls always carry the HOST uid",shutdown() คืนค่า binder PID/UID override ทั้งที่ setBinderCallingPidOverride/setBinderCallingUidOverride ไม่เคยถูกเรียก - binder call ของ guest จึงถือ uid ของ host เสมอ,AetherOrchestrator.kt:568,"every guest SDK binder call is attributed to com.aether; this is precisely the SecurityException storm the ProxyActivity 'guest thread firewall' was written to swallow, so the root cause is masked instead of fixed",call setBinderCalling*Override when the guest identity is installed (VirtualAppContainer.init guest-upgrade path) and keep the restore in shutdown
C13-vfs-clobber,C13 internal contradictions,P1,design,"ProxyActivity step 1 sets the guest identity (VirtualAppContainer.init(targetPkg)), then step 2 self-attaches with a HARD-CODED 'com.aether' package, which runs virtualFS.setupForApp(dataDir=/data/user/0/com.aether) and re-points the VirtualFS map at the host",ProxyActivity ขั้น 1 ตั้ง identity ของ guest (VirtualAppContainer.init(targetPkg)) แล้วขั้น 2 self-attach ด้วย package ที่ hardcode ว่า 'com.aether' ซึ่งไปเรียก virtualFS.setupForApp(dataDir=/data/user/0/com.aether) ทับ map ของ guest,ProxyActivity.kt:68 (guest init) then :79 (hard-coded self-attach),the ordering undoes the guest's own data-dir mapping inside :pN; anything that reads VirtualFSWrapper after step 2 sees host paths,"pass targetPkg to attachToProcess when isVirtual, or run setupForApp with the guest data dir in virtual-target mode"
C15-diag-nocrash,C15 diagnostics,P1,consistency,"EngineBridge.readDiag's own KDoc promises 'DiagLog trace.log + latest logcat dump + latest crash report', but the implementation reads only diag/trace.log and diag/logcat_* - CrashHandler writes to filesDir/crash_logs/crash_<ts>.log, which the UI never surfaces",KDoc ของ readDiag สัญญาว่าจะคืน 'trace.log + logcat + crash report ล่าสุด' แต่โค้ดอ่านแค่ diag/trace.log กับ diag/logcat_* - ทั้งที่ CrashHandler เขียนไว้ที่ filesDir/crash_logs/crash_<ts>.log ซึ่ง UI ไม่เคยแสดง,"EngineBridge.kt:311 (doc) vs CrashHandler.kt:52 (CRASH_DIR_NAME=""crash_logs"")",the crash that kills :pN is invisible from the Diag button - the operator has to pull the app's data dir by hand to see why the guest died,append the newest crash_logs/crash_*.log to the readDiag output (it is 3 lines)
C15-diag-order,C15 diagnostics,P1,design,"ProxyActivity emits DiagLog lines BEFORE DiagLog.init() runs (first call at line 39, init at line 49); DiagLog.d() with dir==null only writes to logcat, so those lines never reach trace.log","ProxyActivity เรียก DiagLog ก่อน DiagLog.init() (เรียกครั้งแรกบรรทัด 39, init บรรทัด 49) - DiagLog.d() ตอน dir==null จะออกแค่ logcat จึงไม่ลง trace.log",ProxyActivity.kt:39 vs :49 (the dropped line is the p3/intent identity mismatch at :39),"the single most important diagnostic for C14 - 'identity: p3=X overrides intent=Y' - is exactly one of the lines that gets dropped, so trace.log can look clean while the guest identity is wrong",move DiagLog.init(applicationContext) to the first statement of onCreate
C16-unverifiable-placement,C16 evidence attribution,P1,evidence,"the code cites 13 decompiler line numbers (a7:171, a7:317, a7:601, bt0:11, j8:35, j8:52, j8:6, j8:61) as the authority for WHERE each hop belongs, but the committed evidence (Codes/SnakeLogic/fragments/F2) attributes callers only at CLASS level (15 distinct caller methods of com.snake.helper.Native) and never maps a caller to a specific native; the per-hop transcript (NATIVE_CALLSITE_MAP.md) is not committed in either repo","โค้ดอ้างหมายเลขบรรทัดจาก decompiler 13 จุด (a7:171, a7:317, a7:601, bt0:11, j8:35, j8:52, j8:6, j8:61) เป็นหลักฐานว่า hop ไหนต้องวางที่ไหน แต่หลักฐานที่ commit ไว้ (F2) ระบุ caller แค่ระดับ CLASS (15 method) และไม่ map ว่า caller ไหนเรียก native ตัวไหน; transcript (NATIVE_CALLSITE_MAP.md) ไม่ได้ commit ไว้ใน repo ใดเลย","Codes/SnakeLogic/fragments/F2_dex_natives.txt (classes jv0/b8/yu0 ARE present, line numbers are NOT)",the placement gate (scripts/native_chain_parity.py) enforces positions that nobody can re-verify; if a position is wrong the gate actively prevents the correct fix,commit the transcript (or the jadx output for the 5 chain natives) under reference/ and cite fragment line numbers instead of decompiler line numbers
C3-dead-natives,C3 JNI surface,P1,wiring,"15 of 38 registered JNI methods have no Kotlin call site: decryptString, hideXposed, installNetworkHttpProbe, loadEmptyDex, nativeDecryptPayloadByHash, nativeDeriveKey, nativeEntropy, nativeExchangeKeys, nativeProcessTriple, nativeReflectUpdate, nativeValidate, nativeWriteLog, setAccessible, setBinderCallingPidOverride, setBinderCallingUidOverride","JNI 15 จาก 38 ตัวที่ลงทะเบียนไว้ ไม่มีจุดเรียกใน Kotlin: decryptString, hideXposed, installNetworkHttpProbe, loadEmptyDex, nativeDecryptPayloadByHash, nativeDeriveKey, nativeEntropy, nativeExchangeKeys, nativeProcessTriple, nativeReflectUpdate, nativeValidate, nativeWriteLog, setAccessible, setBinderCallingPidOverride, setBinderCallingUidOverride",Engine.kt external funs vs call-site scan of 41 .kt files,"the parity gate (scripts/jni_parity.py) only compares names+descriptors, so it reports PASS while a third of the native surface is unreachable",either call them from the hop that needs them (see C4) or delete the declaration + table entry + C++ definition together
C4-stubs,C4 native implementation,P1,substance,"12 of 39 JNI implementations are empty/log-only/constant-return: addIORule, enableIO, hideXposed, installNetworkHttpProbe, nativeExchangeKeys, nativeInitContext, nativeProcessPair, nativeProcessTriple, nativeReflectUpdate, nativeWriteLog, setAccessible__Ljava_lang_reflect_Field_2, setAccessible__Ljava_lang_reflect_Method_2","JNI 12 จาก 39 ตัวเป็น body ว่าง/แค่ log/คืนค่าคงที่: addIORule, enableIO, hideXposed, installNetworkHttpProbe, nativeExchangeKeys, nativeInitContext, nativeProcessPair, nativeProcessTriple, nativeReflectUpdate, nativeWriteLog, setAccessible__Ljava_lang_reflect_Field_2, setAccessible__Ljava_lang_reflect_Method_2","aether_core.cpp (AETHER_DEBUG=0 -> LOGD compiles to ((void)0), so LOG-ONLY == EMPTY)",Kotlin logs claim success for work the native layer never performs (see C4-false-telemetry),"implement, or return an explicit failure so callers can tell"
C5-orphans,C5 native linkage,P1,wiring,"3 native translation unit(s) are compiled into libaether.so but their header is not in the #include closure of the only JNI entry point (aether_core.cpp), so no code path can reach them and -Wl,--gc-sections drops them from the binary: aether-native/src/main/cpp/layer/bindmount/virtual_fs.cpp (234 lines), aether-native/src/main/cpp/layer/packageconf/manifest_snapshot.cpp (155 lines), aether-native/src/main/cpp/layer/rootspoof/hide_module.cpp (33 lines)","ไฟล์ C++ 3 ไฟล์ถูกคอมไพล์เข้า libaether.so แต่ header ไม่ได้อยู่ใน #include closure ของ JNI entry เดียว (aether_core.cpp) จึงไม่มีทางเรียกถึง และ --gc-sections ทิ้งออกจาก binary: aether-native/src/main/cpp/layer/bindmount/virtual_fs.cpp (234 บรรทัด), aether-native/src/main/cpp/layer/packageconf/manifest_snapshot.cpp (155 บรรทัด), aether-native/src/main/cpp/layer/rootspoof/hide_module.cpp (33 บรรทัด)",aether-native/src/main/cpp/CMakeLists.txt (L1_SOURCES) vs aether_core.cpp includes,"the bind-mount virtual FS, the package.conf manifest snapshot and the root-spoof module exist as finished code but are unreachable - the features they implement (path redirect, manifest snapshot, module hiding) are therefore absent at runtime","include and call them from the JNI entries that exist for exactly this purpose (enableIO/addIORule -> VirtualFS, hideXposed -> RootSpoof)"
C7-parity-gap,C7 manifest,P1,parity,"component families present in the SNAKE reference manifest (F3, 51 components) but absent from AetherEngine after applying the documented rename map: ProxyActivity, ProxyActivity$Pn_L","ตระกูล component ที่มีใน manifest ต้นแบบ SNAKE (F3, 51 ตัว) แต่หายไปใน AetherEngine หลังเทียบผ่าน rename map: ProxyActivity, ProxyActivity$Pn_L",Codes/SnakeLogic/fragments/F3_manifest.txt,$Pn_L are the LANDSCAPE proxy stubs: a virtual-app engine needs one stub per orientation because the guest declares orientation-locked activities - with only $P0..$P3 there is no stub to land an orientation change on; the bare ProxyActivity (non-slotted) is also declared by SNAKE and missing here,"add the $P0_L..$P3_L family (and decide explicitly whether the bare ProxyActivity is needed), or record the drop as a deliberate deviation"
C8-never-closed,C8 lifecycle,P1,wiring,"GuestRuntimeBridge.close() has 0 callers and ProxyActivity does not override onDestroy, although the bridge's own KDoc says close() must be called from ProxyActivity.onDestroy()",GuestRuntimeBridge.close() ไม่มีคนเรียก และ ProxyActivity ไม่ override onDestroy ทั้งที่ KDoc ของ bridge ระบุให้เรียกจาก ProxyActivity.onDestroy(),GuestRuntimeBridge.kt:209 (doc claim) vs ProxyActivity.kt (only onCreate is overridden),"the guest session, the ActivityThread binds and the installed Instrumentation wrapper survive the stub activity; a second Play press reuses stale state (activeRuntime, AetherInstrumentation.installed) instead of rebuilding it","override onDestroy/onNewIntent in ProxyActivity: close the runtime, reset AetherInstrumentation.installed, and clear VirtualAppContainer identity"
C8-stale-hook,C8 lifecycle,P1,design,AetherInstrumentation.install() captures stubComponent/guestClassLoader/guestApp once and then returns early on 'installed' - a second guest (or a re-launch after the guest died) keeps the FIRST guest's class loader,AetherInstrumentation.install() จับ stubComponent/guestClassLoader/guestApp ไว้ครั้งเดียว แล้ว return ทันทีถ้า installed -> guest ตัวที่สอง (หรือ relaunch หลัง guest ตาย) ยังใช้ classloader ของตัวแรก,AetherInstrumentation.kt:60,swap instantiates guest classes through a stale loader -> ClassNotFoundException in :pN -> process death -> bounce,"make install() rebind the wrapper's fields when the identity changes, and reset 'installed' when the runtime is closed"
C13-pkgconf-comment,C13 internal contradictions,P2,consistency,SandboxManager.bootstrapGameData says in a comment that package.conf is no longer fabricated ('generatePackageConf ถูก deprecate') and then calls generatePackageConf() 9 lines later to write it,คอมเมนต์ใน bootstrapGameData บอกว่าไม่ fabricate package.conf แล้ว (generatePackageConf ถูก deprecate) แต่โค้ดถัดไปอีก 9 บรรทัดเรียก generatePackageConf() เพื่อเขียนไฟล์,SandboxManager.kt:392 (comment) vs :401 (call),two committed revisions of the same decision coexist; a reader cannot tell which behaviour is intended (the numbering in that block also skips step 2),delete the stale comment or the stale call
C13-v1-drops-sandbox,C13 internal contradictions,P2,consistency,GuestRuntimeBridge.loadV1 (the AUTO fallback) does not forward sandboxDir - VirtualAppLoader.load has no such parameter,GuestRuntimeBridge.loadV1 (fallback ของโหมด AUTO) ไม่ส่ง sandboxDir ต่อ - VirtualAppLoader.load ไม่มีพารามิเตอร์นี้,GuestRuntimeBridge.kt:332 vs VirtualAppLoader.kt:64,when v2 fails the guest silently runs against the REAL installed app's data dir instead of the sandbox - a different filesystem view depending on which loader won,add sandboxDir to VirtualAppLoader.load (same LoadedApk re-root) or refuse the fallback and report the v2 error
C13-vfs-selftest,C13 internal contradictions,P2,consistency,VirtualAppContainer.testVirtualFSResolve() (exposed to the UI as 'testVirtualFS') resolves paths against the Kotlin-side VirtualFSWrapper map only - it cannot detect that the native redirect layer is an empty stub,testVirtualFSResolve() (ที่ UI เรียกผ่าน 'testVirtualFS') resolve path กับ map ฝั่ง Kotlin เท่านั้น - ตรวจไม่พบว่า native redirect เป็น stub ว่าง,VirtualAppContainer.kt:240,the UI shows a green 'OK: ...' for a virtual FS that has no native effect (C4),have the self-test round-trip through the native layer (add a nativeResolve JNI entry that returns the resolved path) and print both results
C15-firewall-swallows,C15 diagnostics,P2,design,"ProxyActivity installs a process-wide uncaught-exception handler that deliberately does NOT chain to the previous handler while a guest is active, so guest crashes on ANY thread (including main) are swallowed after being logged to trace.log",ProxyActivity ตั้ง uncaught-exception handler ทั้ง process ที่จงใจไม่ส่งต่อให้ handler เดิมขณะ guest ยัง active - crash ของ guest ทุก thread (รวม main) จึงถูกกลืนหลังบันทึก log,ProxyActivity.kt:106 (installGuestThreadFirewall),"combined with C2 (3 silent finish paths) and C15-diag-nocrash, a failed boot leaves no user-visible signal at all - which is why the symptom reads as 'กดแล้วเด้งกลับ'","keep the firewall for known-benign SDK exceptions (SecurityException from guest background threads) but re-throw everything else, and record the decision in trace.log with a counter that readDiag shows"
C5-uncalled,C5 native linkage,P2,wiring,1 TU(s) are included by aether_core.cpp but every call into them is commented out: aether-native/src/main/cpp/core/env_check.cpp (73 lines),1 ไฟล์ถูก include ใน aether_core.cpp แต่ทุกจุดเรียกถูกคอมเมนต์ทิ้ง: aether-native/src/main/cpp/core/env_check.cpp (73 บรรทัด),aether_core.cpp JNI_OnLoad ('[CUT 2026-09-11]' lines),"deliberate cuts, but they are invisible in the gate output - the parity script still counts these natives as present","record each cut in docs/ with the reason and the date, and have the gate print them as CUT rather than PASS"
C1-dead-branches,C1 channel parity,P3,hygiene,"Kotlin handler branches never called from Dart: getEngineStatus, launchGame","branch ฝั่ง Kotlin ที่ Dart ไม่เคยเรียก: getEngineStatus, launchGame","app/android/app/src/main/kotlin/com/aether/EngineBridge.kt:70,68",dead surface; each branch is untested and drifts silently,wire them to a UI control or delete them
C13-hydrate-log,C13 internal contradictions,P3,consistency,AetherApp passes payloadDir (dataDir/root/files) to nativeHydratePayloads but logs filesDir - the diagnostic line points at a directory that was never scanned,AetherApp ส่ง payloadDir (dataDir/root/files) เข้า nativeHydratePayloads แต่ log ว่า filesDir - บรรทัดวินิจฉัยชี้ไปที่ dir ที่ไม่ได้ถูก scan,AetherApp.kt:107,misleading diagnostics during exactly the debugging session that needs them,log payloadDir.absolutePath
